Date,Price,Open,High,Low,Vol.,Change %
02/09/2000,1225.92,1232.57,1232.57,1225.92,,-0.53%
02/08/2000,1232.44,1213.89,1232.44,1213.89,,1.55%
02/07/2000,1213.65,1214.34,1214.34,1206.03,,-0.05%
02/04/2000,1214.21,1186.2,1214.21,1186.2,,2.37%
02/03/2000,1186.08,1166.06,1186.08,1166.06,,1.80%
02/02/2000,1165.15,1151.43,1165.15,1151.43,,1.20%
02/01/2000,1151.31,1150.08,1151.31,1146.51,,-0.01%
01/31/2000,1151.42,1163.25,1163.25,1147.39,,-1.01%
01/28/2000,1163.13,1161.67,1163.97,1161.67,,0.14%
01/27/2000,1161.55,1166.17,1166.17,1158.79,,-0.40%
01/26/2000,1166.16,1166.51,1170.62,1166.16,,-0.03%
01/25/2000,1166.5,1180.8,1180.8,1162.72,,-1.20%
01/24/2000,1180.68,1208.38,1208.38,1180.68,,-2.28%
01/21/2000,1208.25,1210.96,1210.96,1205.77,,-0.20%
01/20/2000,1210.73,1210.85,1210.85,1209.07,,-0.01%
01/19/2000,1210.84,1217.49,1217.49,1210.84,,-0.47%
01/18/2000,1216.58,1229.65,1237.8,1216.58,,-1.05%
01/17/2000,1229.52,1214.45,1229.52,1199.15,,1.25%
01/14/2000,1214.33,1196.11,1214.33,1196.11,,1.52%
01/13/2000,1196.1,1153.68,1202.31,1153.68,,3.69%
01/12/2000,1153.56,1142.43,1153.56,1107.36,,1.01%
01/11/2000,1142.08,1147.15,1147.15,1138.59,,-0.42%
01/10/2000,1146.92,1127.79,1146.92,1127.79,,1.72%
01/07/2000,1127.57,1120.7,1127.57,1120.29,,0.62%
01/06/2000,1120.59,1124.19,1124.19,1116.49,,-0.32%
01/05/2000,1124.19,1122.05,1124.19,1117.05,,0.20%
01/04/2000,1121.94,1137.47,1137.47,1121.94,,-1.37%
01/03/2000,1137.58,1125.43,1142.94,1125.43,,1.09%
12/30/1999,1125.31,1113.5,1125.31,1113.5,,1.08%
12/29/1999,1113.27,1102.02,1113.27,1092.36,,1.03%
12/28/1999,1101.91,1109,1110.58,1099.24,,-0.63%
12/27/1999,1108.88,1119.8,1119.8,1108.6,,2.77%
12/24/1999,1079.01,1079.01,1079.31,1079.01,,-2.95%
12/23/1999,1111.81,1104.95,1111.81,1102.54,,0.63%
12/22/1999,1104.83,1108.1,1108.1,1104.44,,-0.25%
12/21/1999,1107.65,1101.91,1107.65,1094.95,,0.56%
12/20/1999,1101.46,1098.42,1101.46,1089.77,,0.29%
12/17/1999,1098.31,1079.18,1098.31,1079.18,,1.77%
12/16/1999,1079.18,1076.47,1079.18,1073.86,,0.29%
12/15/1999,1076.03,1084.58,1084.58,1071.5,,-0.77%
12/14/1999,1084.35,1084.02,1085.59,1080,,0.03%
12/13/1999,1084.02,1076.7,1084.8,1076.7,,0.68%
12/10/1999,1076.7,1082.1,1082.1,1072.97,,-0.50%
12/09/1999,1082.1,1080.3,1082.21,1077.21,,0.19%
12/07/1999,1080.08,1088.4,1088.4,1079.56,,-0.74%
12/06/1999,1088.18,1093.13,1093.13,1086.47,,-0.46%
12/03/1999,1093.24,1081.65,1093.24,1081.65,,1.10%
12/02/1999,1081.31,1070.06,1081.31,1070.06,,1.06%
12/01/1999,1069.95,1058.47,1069.95,1058.47,,1.08%
11/30/1999,1058.47,1058.13,1058.47,1049.98,,0.02%
11/29/1999,1058.25,1044.29,1058.25,1044.29,,1.40%
11/26/1999,1043.62,1031.68,1043.62,1024.25,,1.17%
11/25/1999,1031.58,1022.23,1031.58,1022.23,,0.90%
11/24/1999,1022.35,1028.53,1028.53,1017.71,,-0.59%
11/23/1999,1028.42,1032.13,1032.13,1025.1,,-0.35%
11/22/1999,1032.03,1046.09,1046.09,1032.03,,-1.33%
11/19/1999,1045.98,1046.88,1046.88,1039.94,,-0.02%
11/18/1999,1046.2,1040.46,1046.2,1040.46,,0.54%
11/17/1999,1040.58,1049.24,1049.24,1040.58,,-0.77%
11/16/1999,1048.68,1042.15,1048.68,1042.15,,0.64%
11/15/1999,1042.04,1028.87,1042.04,1027.18,,1.27%
11/12/1999,1028.99,1026.28,1028.99,1020.41,,0.27%
11/11/1999,1026.17,1026.51,1026.51,994.93,,-0.02%
11/10/1999,1026.4,1026.84,1026.84,1017.03,,-0.03%
11/09/1999,1026.74,1017.28,1026.74,1017.28,,0.71%
11/08/1999,1019.53,1025.16,1025.16,1016.69,,-0.38%
11/05/1999,1023.47,1003.88,1023.47,1003.88,,1.97%
11/04/1999,1003.67,1009.74,1009.74,1003.67,,-0.59%
11/03/1999,1009.63,1003.88,1011.04,1003.88,,0.56%
11/02/1999,1004.01,989.14,1004.01,989.14,,1.65%
10/29/1999,987.69,962.92,987.69,962.92,,3.06%
10/28/1999,958.32,939.4,958.32,939.4,,2.10%
10/27/1999,938.62,944.12,944.12,938.28,,-0.54%
10/26/1999,943.69,955.38,955.38,943.69,,-1.40%
10/25/1999,957.08,972.37,972.37,954.67,,-1.49%
10/22/1999,971.6,965.06,971.6,965.06,,0.70%
10/21/1999,964.84,949.75,964.84,948.7,,1.55%
10/20/1999,950.1,917.56,950.1,917.56,,3.56%
10/19/1999,917.47,913.06,931.25,913.06,,0.53%
10/18/1999,912.63,930.06,930.06,912.63,,-1.86%
10/15/1999,929.96,952.23,952.23,929.96,,-2.41%
10/14/1999,952.92,951.55,952.92,948.32,,0.15%
10/13/1999,951.45,972.6,972.6,951.45,,-2.18%
10/11/1999,972.61,978.22,978.22,970.08,,-0.56%
10/08/1999,978.12,988.24,988.24,978.12,,-1.00%
10/07/1999,988.03,988.35,989.74,982.92,,-0.10%
10/06/1999,989.04,996.23,996.23,988.27,,-0.71%
10/05/1999,996.13,990.15,996.13,988.72,,0.61%
10/04/1999,990.05,985.2,990.05,985.2,,0.50%
10/01/1999,985.1,986.22,986.22,975.87,,0.08%
09/30/1999,984.31,991.17,991.17,984.31,,-0.68%
09/29/1999,991.06,1000.17,1000.17,991.06,,-0.90%
09/28/1999,1000.07,1010.86,1010.86,996.17,,-1.06%
09/27/1999,1010.76,1015.03,1015.03,1008.14,,-0.41%
09/24/1999,1014.92,1017.28,1017.28,1008.69,,-0.21%
09/23/1999,1017.06,1028.64,1028.64,1017.06,,-1.12%
09/22/1999,1028.54,1027.63,1028.54,1020.41,,0.11%
09/21/1999,1027.41,1040.01,1040.01,1027.41,,-1.16%
09/20/1999,1039.45,1033.71,1039.45,1033.71,,0.86%
09/17/1999,1030.56,1037.65,1037.65,1026.5,,-0.67%
09/16/1999,1037.54,1052.05,1052.05,1036.65,,-1.37%
09/15/1999,1051.94,1065.56,1065.56,1051.65,,-1.08%
09/14/1999,1063.42,1062.74,1063.42,1057.46,,0.07%
09/13/1999,1062.63,1069.72,1069.72,1060.7,,-0.65%
09/10/1999,1069.61,1073.77,1073.86,1069.61,,-0.38%
09/09/1999,1073.66,1046.76,1073.66,1046.76,,2.58%
09/08/1999,1046.65,1046.09,1047.7,1046.09,,0.06%
09/07/1999,1045.98,1046.2,1046.2,1037.37,,-0.01%
09/03/1999,1046.09,1032.02,1046.09,1032.02,,1.45%
09/02/1999,1031.13,1033.82,1033.82,1025.1,,-0.25%
09/01/1999,1033.71,1008.5,1033.71,1008.5,,2.51%
08/31/1999,1008.39,1010.86,1010.86,1005.12,,-0.22%
08/30/1999,1010.64,1007.82,1010.64,1002.89,,0.29%
08/27/1999,1007.72,1014.46,1014.46,997.19,,-0.36%
08/26/1999,1011.32,1008.05,1011.32,1006.46,,0.37%
08/25/1999,1007.61,988.58,1007.61,988.58,,1.96%
08/24/1999,988.25,984.86,988.25,980.01,,0.35%
08/23/1999,984.76,978.56,984.76,976.55,,0.64%
08/20/1999,978.46,975.41,978.46,973.21,,0.32%
08/19/1999,975.31,981.15,981.15,972.87,,-0.59%
08/18/1999,981.05,997.47,997.47,981.05,,-1.49%
08/17/1999,995.9,997.36,997.36,993.63,,-0.14%
08/16/1999,997.25,1002.31,1002.31,997.25,,-0.49%
08/13/1999,1002.21,1000.06,1002.21,996.31,,0.24%
08/12/1999,999.84,998.48,1000.46,998.48,,0.15%
08/11/1999,998.38,1004.79,1004.79,996.64,,-0.65%
08/10/1999,1004.91,1016.15,1016.15,1002.6,,-1.08%
08/09/1999,1015.93,1030.44,1030.44,1015.93,,-1.40%
08/06/1999,1030.34,1029.88,1030.56,1023.76,,0.03%
08/05/1999,1030,1036.18,1036.18,1027.29,,-0.59%
08/04/1999,1036.08,1024.25,1036.08,1024.25,,1.16%
08/03/1999,1024.15,1020.54,1024.15,1015.72,,0.36%
08/02/1999,1020.44,1014.69,1020.44,1014.69,,0.63%
07/30/1999,1014.02,1014.24,1014.24,1007.47,,-0.01%
07/29/1999,1014.13,1019.64,1019.64,1010.6,,-0.56%
07/28/1999,1019.87,1005.46,1019.87,1005.46,,1.44%
07/27/1999,1005.36,1009.4,1009.4,998.2,,-0.37%
07/26/1999,1009.07,1030.44,1030.44,1009.07,,-2.07%
07/23/1999,1030.45,1058.13,1058.13,1030.45,,-2.61%
07/22/1999,1058.02,1060.72,1060.72,1056.46,,-0.24%
07/21/1999,1060.61,1051.04,1060.61,1051.04,,0.92%
07/20/1999,1050.93,1046.65,1050.93,1046.65,,0.31%
07/19/1999,1047.67,1059.71,1059.71,1047.67,,-1.13%
07/16/1999,1059.6,1062.86,1062.86,1059.13,,-0.19%
07/15/1999,1061.62,1058.92,1064.71,1058.92,,0.27%
07/14/1999,1058.81,1069.05,1069.05,1058.81,,-0.85%
07/13/1999,1067.92,1062.74,1067.92,1057.06,,0.50%
07/12/1999,1062.63,1074.22,1074.22,1062.63,,-1.07%
07/09/1999,1074.11,1062.86,1074.11,1062.86,,1.07%
07/08/1999,1062.75,1068.15,1068.15,1062.75,,-0.78%
07/07/1999,1071.07,1067.81,1071.07,1056.84,,0.25%
07/06/1999,1068.37,1058.36,1068.37,1056.27,,0.96%
07/05/1999,1058.25,1049.01,1058.25,1041.84,,0.89%
07/02/1999,1048.91,1032.47,1050.21,1029.77,,1.66%
07/01/1999,1031.8,1006.36,1031.8,1006.36,,2.56%
06/30/1999,1006.03,971.7,1006.03,971.7,,3.54%
06/28/1999,971.6,970.91,972.83,967.63,,-0.12%
06/25/1999,972.72,979.35,979.35,972.72,,-0.67%
06/24/1999,979.25,980.93,980.93,970.91,,-0.16%
06/23/1999,980.82,996.12,996.12,979.14,,-1.53%
06/22/1999,996.02,1001.18,1012.6,996.02,,-0.51%
06/21/1999,1001.08,985.65,1001.08,985.65,,1.64%
06/18/1999,984.88,981.04,984.88,976.78,,0.40%
06/17/1999,980.94,971.13,980.94,971.13,,1.02%
06/16/1999,971.03,944.91,971.03,944.91,,2.78%
06/15/1999,944.81,943.9,945.31,937.94,,0.27%
06/14/1999,942.23,948.85,948.85,942.23,,-0.69%
06/11/1999,948.75,941.87,948.75,941.87,,0.74%
06/10/1999,941.78,939.28,941.78,934.82,,0.28%
06/09/1999,939.19,938.05,939.19,931.36,,0.13%
06/08/1999,937.95,931.86,937.95,931.86,,0.66%
06/07/1999,931.76,923.53,931.76,923.53,,1.02%
06/04/1999,922.31,909.46,922.31,909.46,,1.42%
06/02/1999,909.37,906.76,909.37,903.8,,0.30%
06/01/1999,906.67,897.76,906.67,897.76,,1.00%
05/31/1999,897.66,903.16,903.16,895.54,,-0.60%
05/28/1999,903.06,904.4,904.4,896.88,,-0.14%
05/27/1999,904.3,919.25,919.25,900.32,,-1.62%
05/26/1999,919.16,893.93,919.16,893.33,,2.83%
05/25/1999,893.84,906.76,906.76,892.09,,-1.42%
05/24/1999,906.67,931.52,931.52,906.67,,-2.61%
05/20/1999,930.97,935.46,935.46,927.68,,-0.42%
05/19/1999,934.91,949.98,949.98,934.71,,-1.58%
05/18/1999,949.88,951.44,957.92,949.88,,-0.15%
05/17/1999,951.34,965.62,965.62,948.02,,-1.47%
05/14/1999,965.52,987.57,987.57,954,,-2.22%
05/13/1999,987.46,958.98,987.46,958.98,,3.05%
05/12/1999,958.21,962.92,962.92,950.5,,-0.25%
05/11/1999,960.57,980.48,980.48,941.59,,-2.02%
05/10/1999,980.37,959.66,980.37,959.66,,2.28%
05/07/1999,958.54,937.71,958.54,937.71,,2.28%
05/06/1999,937.16,939.06,939.06,935.6,,-0.08%
05/05/1999,937.95,935.8,939.06,930.65,,0.30%
05/04/1999,935.14,932.19,951.45,932.19,,0.33%
05/03/1999,932.1,941.31,941.31,932.1,,-0.83%
04/30/1999,939.86,930.06,940.06,930.06,,1.30%
04/29/1999,927.82,937.03,937.03,924.68,,-0.97%
04/28/1999,936.94,915.09,936.94,914.87,,2.40%
04/27/1999,914.99,926.12,926.12,909.45,,-1.19%
04/26/1999,926.02,956.05,956.05,924.34,,-3.09%
04/23/1999,955.5,979.91,982.02,955.5,,-2.46%
04/22/1999,979.59,1002.98,1016.73,979.59,,-2.33%
04/21/1999,1002.99,1039,1039,1001.92,,-3.46%
04/20/1999,1038.89,1018.85,1038.89,1016.36,,2.17%
04/19/1999,1016.83,1000.85,1016.83,1000.85,,1.79%
04/16/1999,998.94,990.15,998.94,990.15,,0.90%
04/15/1999,990.05,986.55,990.05,986.15,,0.36%
04/14/1999,986.45,983.06,991.95,983.06,,0.36%
04/13/1999,982.96,975.52,982.96,974.77,,0.77%
04/12/1999,975.42,971.81,975.42,969.19,,0.43%
04/09/1999,971.26,971.02,971.26,970.08,,0.04%
04/08/1999,970.92,956.5,970.92,953.09,,1.53%
04/07/1999,956.29,946.38,956.29,944.86,,1.09%
04/06/1999,945.94,947.39,947.39,940.51,,-0.14%
04/05/1999,947.29,939.06,947.29,939.06,,0.89%
04/01/1999,938.96,931.74,938.96,922.2,,0.78%
03/31/1999,931.65,919.14,931.65,919.14,,1.37%
03/30/1999,919.04,915.54,919.04,914.62,,0.39%
03/29/1999,915.44,917.56,917.56,913.84,,-0.22%
03/26/1999,917.47,918.8,918.8,911.83,,0.10%
03/25/1999,916.57,908.79,916.57,908.79,,0.87%
03/24/1999,908.69,910.25,910.25,903.46,,-0.12%
03/23/1999,909.82,918.8,918.8,909.82,,-0.97%
03/22/1999,918.71,919.81,919.81,912.5,,-0.08%
03/19/1999,919.49,910.7,919.49,910.7,,0.98%
03/18/1999,910.6,905.18,910.6,903.01,,0.61%
03/17/1999,905.09,908.11,908.11,900.45,,-0.32%
03/16/1999,908.02,907.66,909.45,906.36,,0.07%
03/15/1999,907.34,905.97,907.34,900.45,,0.16%
03/12/1999,905.88,899.67,906.03,899.19,,0.70%
03/11/1999,899.58,906.2,906.81,899.58,,-0.71%
03/10/1999,905.99,896.86,905.99,893.89,,0.98%
03/09/1999,897.21,900.68,900.68,877.09,,-0.46%
03/08/1999,901.38,898.32,901.38,896.49,,0.35%
03/05/1999,898.23,896.74,898.23,883.74,,0.15%
03/04/1999,896.88,869.06,896.88,869.06,,3.21%
03/03/1999,868.97,849.59,868.97,849.59,,2.29%
03/02/1999,849.5,858.37,858.37,849.5,,-1.02%
03/01/1999,858.28,857.8,858.28,852.8,,-0.16%
02/26/1999,859.63,878.51,878.51,859.63,,-2.14%
02/25/1999,878.42,873.33,878.42,860.06,,-0.76%
02/24/1999,885.17,876.82,885.17,870.32,,0.96%
02/23/1999,876.73,892.35,892.35,876.73,,-1.74%
02/22/1999,892.26,899.89,899.89,890.51,,-0.84%
02/19/1999,899.8,889.88,899.8,889.88,,1.55%
02/18/1999,886.07,871.76,886.07,871.76,,1.65%
02/17/1999,871.67,876.49,876.49,871.66,,-0.08%
02/16/1999,872.34,868.83,872.34,868.83,,0.41%
02/15/1999,868.74,869.4,869.4,864.85,,-0.07%
02/12/1999,869.31,876.82,876.82,869.31,,-0.85%
02/11/1999,876.73,858.25,876.73,857.69,,2.16%
02/10/1999,858.16,843.85,858.16,843.15,,1.71%
02/09/1999,843.76,827.3,843.76,827.3,,2.00%
02/08/1999,827.22,818.08,827.22,818.08,,1.16%
02/05/1999,817.77,818.64,818.64,789.36,,0.25%
02/04/1999,815.74,818.08,818.08,810.45,,-0.36%
02/03/1999,818.67,820.44,820.44,808.3,,-0.20%
02/02/1999,820.35,824.38,824.38,817.78,,-0.25%
02/01/1999,822.38,812.45,822.38,805.03,,1.47%
01/29/1999,810.45,814.47,814.47,804.69,,-0.48%
01/28/1999,814.39,810.65,814.39,804.24,,0.47%
01/27/1999,810.56,815.04,822,807.4,,-0.31%
01/26/1999,813.04,805.36,813.96,805.36,,2.19%
01/25/1999,795.6,741.66,795.6,741.66,,7.41%
01/22/1999,740.68,734.91,740.68,727.34,,0.83%
01/21/1999,734.61,727.37,735.51,718.09,,0.93%
01/20/1999,727.85,708.57,727.85,708.57,,2.88%
01/19/1999,707.49,711.84,711.84,702.87,,-0.60%
01/18/1999,711.76,706.77,711.76,705.8,,0.84%
01/15/1999,705.8,687.08,713.53,660.47,,2.74%
01/14/1999,687,705.87,717.43,681.44,,-2.66%
01/13/1999,705.8,742,742,697.34,,-4.97%
01/12/1999,742.71,764.39,764.39,736.58,,-2.83%
01/11/1999,764.31,784.99,784.99,760.72,,-2.64%
01/08/1999,785.02,788.25,798.79,785.02,,-0.64%
01/07/1999,790.08,799.84,799.84,787.22,,-1.21%
01/06/1999,799.76,796.47,799.76,796.47,,0.50%
01/05/1999,795.82,793.54,795.82,786.99,,0.30%
01/04/1999,793.46,786.79,793.46,786.79,,0.86%
12/30/1998,786.71,783.64,786.71,781.6,,0.36%
12/29/1998,783.89,780.04,783.89,779.93,,0.50%
12/28/1998,779.96,799.39,799.39,779.96,,-2.42%
12/24/1998,799.31,802.55,802.55,798.56,,-0.38%
12/23/1998,802.35,799.06,804.37,799.06,,0.75%
12/22/1998,796.39,804.8,804.8,792.18,,-1.03%
12/21/1998,804.71,784.43,806.26,784.43,,2.60%
12/18/1998,784.34,775.2,784.34,775.2,,1.19%
12/17/1998,775.12,758.09,775.12,758.09,,2.39%
12/16/1998,757,753.48,764.86,745.94,,0.40%
12/15/1998,753.96,727.82,753.96,727.82,,3.60%
12/14/1998,727.74,740.2,740.2,727.74,,-1.66%
12/11/1998,740.01,749.65,749.65,736.58,,-1.28%
12/10/1998,749.57,752.91,756.83,749.57,,-0.42%
12/09/1998,752.72,771.37,771.37,749.89,,-2.49%
12/07/1998,771.97,769.79,771.97,765.64,,0.29%
12/04/1998,769.72,781.27,781.27,769.72,,-1.33%
12/03/1998,780.07,798.16,798.16,780.07,,-2.16%
12/02/1998,797.29,820.78,820.78,797.29,,-2.83%
12/01/1998,820.47,829.11,829.11,820.47,,-1.03%
11/30/1998,829.02,837.32,837.32,829.02,,-0.90%
11/27/1998,836.56,832.26,836.56,832.26,,0.53%
11/26/1998,832.17,824.49,832.17,823.53,,0.94%
11/25/1998,824.41,823.7,824.41,819.13,,0.30%
11/24/1998,821.93,825.95,825.95,821.93,,-0.48%
11/23/1998,825.87,822.69,825.87,822,,0.53%
11/20/1998,821.48,817.4,821.48,817.4,,0.51%
11/19/1998,817.32,801.53,817.32,801.53,,1.98%
11/18/1998,801.45,802.09,802.09,792.52,,-0.07%
11/17/1998,802.01,799.96,802.01,794.43,,0.27%
11/16/1998,799.87,808.06,808.06,799.87,,-1.00%
11/13/1998,807.98,813.35,813.35,803.45,,-0.65%
11/12/1998,813.26,820.33,820.33,812.14,,-0.85%
11/11/1998,820.24,797.14,820.24,797.14,,3.20%
11/10/1998,794.81,797.03,797.03,786.65,,-0.24%
11/09/1998,796.72,807.83,807.83,796.72,,-1.24%
11/06/1998,806.74,795.45,806.74,795.45,,1.52%
11/05/1998,794.7,792.3,794.7,782.03,,0.33%
11/04/1998,792.11,777,793.09,777,,2.01%
11/03/1998,776.47,746.27,776.47,746.27,,4.10%
11/02/1998,745.86,732.99,745.86,732.99,,1.77%
10/30/1998,732.92,705.42,732.92,705.42,,3.86%
10/29/1998,705.68,703.51,705.68,700.16,,0.24%
10/28/1998,704,708.23,708.23,699.15,,-0.59%
10/27/1998,708.16,703.28,709.07,703.28,,1.09%
10/26/1998,700.51,705.2,705.2,700.05,,-0.65%
10/23/1998,705.12,698.78,707.73,698.78,,0.92%
10/22/1998,698.71,679.65,702.37,679.65,,2.83%
10/21/1998,679.46,697.2,697.2,678.28,,-2.46%
10/20/1998,696.57,683.59,696.57,683.59,,2.16%
10/19/1998,681.83,674.02,681.83,670.95,,1.17%
10/16/1998,673.95,673.12,680.39,673.1,,0.15%
10/15/1998,672.94,663.55,672.94,658.44,,1.42%
10/14/1998,663.49,652.98,663.49,652.98,,1.62%
10/13/1998,652.91,643.63,652.91,643.63,,1.45%
10/09/1998,643.57,623.94,643.57,623.94,,3.31%
10/08/1998,622.97,643.63,643.63,622.97,,-2.74%
10/07/1998,640.53,653.31,653.31,640.53,,-1.91%
10/06/1998,653.02,655.68,660.19,651.9,,-0.14%
10/05/1998,653.92,666.93,666.93,651.9,,-1.94%
10/02/1998,666.86,650.05,666.86,650.05,,2.60%
10/01/1998,649.98,671.66,671.66,649.98,,-2.84%
09/30/1998,669,673.8,673.8,668.36,,-0.68%
09/29/1998,673.61,675.6,683.84,668.7,,-0.18%
09/28/1998,674.85,656.8,674.85,656.63,,2.99%
09/25/1998,655.27,650.05,656.84,639.72,,0.92%
09/24/1998,649.31,669.18,679.38,649.31,,-2.89%
09/23/1998,668.66,617.07,668.66,617.07,,8.63%
09/22/1998,615.55,592.54,615.55,592.54,,3.89%
09/21/1998,592.48,593.55,593.55,590.21,,-0.11%
09/17/1998,593.15,600.76,602.38,584.58,,-1.29%
09/16/1998,600.92,603.46,607.74,600.36,,-0.37%
09/15/1998,603.17,554.73,603.17,550.52,,8.72%
09/14/1998,554.78,562.83,562.83,554.78,,-1.16%
09/10/1998,561.31,606.04,606.04,561.31,,-7.37%
09/09/1998,605.98,611.9,611.9,593.37,,-0.94%
09/08/1998,611.72,614.94,627.6,610.74,,-0.51%
09/07/1998,614.87,608.18,614.87,608.18,,1.20%
09/04/1998,607.56,626.64,626.64,605.55,,-2.98%
09/03/1998,626.24,648.25,648.25,626.24,,-3.38%
09/02/1998,648.18,662.2,668.33,648.18,,-2.11%
09/01/1998,662.14,633.06,662.14,632.95,,4.59%
08/31/1998,633.1,661.42,661.42,633.1,,-4.27%
08/28/1998,661.35,660.29,670.9,645.47,,0.17%
08/27/1998,660.22,705.2,705.2,660.22,,-6.22%
08/26/1998,704,737.27,737.27,703.32,,-3.96%
08/25/1998,733.03,728.72,735.62,728.72,,0.87%
08/24/1998,726.73,740.87,740.87,723.95,,-1.85%
08/21/1998,740.46,762.03,762.03,726.55,,-2.71%
08/20/1998,761.05,792.3,792.3,761.05,,-3.92%
08/19/1998,792.11,802.55,802.55,792.11,,-1.29%
08/18/1998,802.46,808.85,808.85,794.66,,-0.78%
08/17/1998,808.76,821.56,825.23,808.42,,-1.99%
08/14/1998,825.19,830.46,830.46,825.19,,-0.29%
08/13/1998,827.56,835.3,835.3,819.58,,-0.58%
08/12/1998,832.4,838.11,843.87,832.4,,-0.67%
08/11/1998,838.02,864.78,864.78,834.46,,-3.10%
08/10/1998,864.8,875.36,875.36,864.8,,-1.20%
08/07/1998,875.27,882.23,882.23,875.27,,-0.78%
08/06/1998,882.13,886.16,886.16,879.69,,-0.44%
08/05/1998,886.07,889.2,889.2,882.37,,-0.42%
08/04/1998,889.79,900.57,900.57,889.79,,-1.19%
08/03/1998,900.48,902.03,902.03,894.87,,-0.24%
07/31/1998,902.61,893.03,902.68,891.52,,1.08%
07/30/1998,892.94,898.09,898.09,888.82,,-0.56%
07/29/1998,898,905.52,905.52,893.33,,-0.76%
07/28/1998,904.87,911.71,911.71,904.02,,-0.74%
07/27/1998,911.62,913.06,913.06,905.36,,-0.14%
07/24/1998,912.86,910.25,916.85,910.25,,0.30%
07/23/1998,910.15,914.41,914.41,910.15,,-0.46%
07/22/1998,914.32,927.81,927.81,911.82,,-1.47%
07/21/1998,927.93,942.32,952.23,927.93,,-1.52%
07/20/1998,942.23,943.67,943.97,941.48,,-0.12%
07/17/1998,943.35,911.15,943.35,911.15,,3.55%
07/16/1998,911.05,895.96,911.05,894.57,,1.70%
07/15/1998,895.86,882.9,895.86,882.9,,1.50%
07/14/1998,882.58,866.58,882.58,866.58,,1.86%
07/13/1998,866.49,861.07,866.49,859.39,,0.71%
07/10/1998,860.42,861.97,861.97,857.24,,-0.17%
07/09/1998,861.88,855.78,861.88,855.78,,0.72%
07/08/1998,855.69,840.36,855.69,840.36,,1.84%
07/07/1998,840.27,844.75,844.75,837.96,,-0.52%
07/06/1998,844.66,845.76,845.99,844.66,,-0.12%
07/03/1998,845.67,852.85,852.85,844.05,,-0.83%
07/02/1998,852.76,864.67,864.67,852.76,,-1.37%
07/01/1998,864.58,860.95,864.58,860.61,,0.43%
06/30/1998,860.87,850.71,860.87,850.71,,1.20%
06/26/1998,850.63,841.6,852.57,841.6,,1.66%
06/25/1998,836.78,849.25,849.25,833.9,,-1.46%
06/24/1998,849.16,850.71,850.71,849.16,,-0.17%
06/23/1998,850.63,846.21,850.63,845.54,,0.53%
06/22/1998,846.12,857.92,857.92,846.12,,-1.21%
06/19/1998,856.48,858.14,858.15,852.35,,-0.18%
06/18/1998,858.05,864.78,864.78,858.05,,-0.74%
06/17/1998,864.47,849.03,864.47,849.03,,1.83%
06/16/1998,848.94,860.17,860.17,848.94,,-1.30%
06/15/1998,860.08,891.12,891.12,860.08,,-3.47%
06/12/1998,891.02,913.63,913.63,888.59,,-2.46%
06/10/1998,913.53,933.77,933.77,913.53,,-2.22%
06/09/1998,934.24,914.98,934.24,914.53,,2.03%
06/08/1998,915.67,914.53,915.67,908.71,,0.16%
06/05/1998,914.21,906.53,914.21,902.8,,0.86%
06/04/1998,906.44,902.82,906.44,898.89,,0.41%
06/03/1998,902.73,891.79,902.73,891.79,,1.24%
06/02/1998,891.7,899.78,899.78,889.49,,-0.89%
06/01/1998,899.69,910.36,910.36,899.69,,-1.16%
05/29/1998,910.27,909.12,910.27,902.68,,0.14%
05/28/1998,909.03,914.64,914.64,906.75,,-0.58%
05/27/1998,914.32,922.18,922.18,905.96,,-0.84%
05/26/1998,922.08,937.93,937.93,922.08,,-1.68%
05/25/1998,937.84,940.41,940.41,932.48,,-0.25%
05/22/1998,940.2,933.21,940.2,933.21,,0.80%
05/20/1998,932.77,923.08,932.77,923.08,,1.10%
05/19/1998,922.65,925.67,925.67,918.53,,-0.30%
05/18/1998,925.46,935.01,935.01,925.13,,-0.97%
05/15/1998,934.57,943.56,943.56,934.15,,-0.94%
05/14/1998,943.46,948.06,948.06,940.96,,-0.46%
05/13/1998,947.85,965.28,965.28,946.78,,-1.78%
05/12/1998,965.07,972.15,972.15,961.55,,-0.72%
05/11/1998,972.05,987.79,987.79,972.05,,-1.46%
05/08/1998,986.45,994.99,994.99,986.45,,-0.56%
05/07/1998,991.96,996.23,996.23,987.83,,-0.36%
05/06/1998,995.57,995.44,997.41,990.84,,0.02%
05/05/1998,995.34,998.48,998.48,990.17,,-0.30%
05/04/1998,998.38,996.91,998.88,992.74,,0.31%
04/30/1998,995.34,987.68,995.34,987.68,,0.89%
04/29/1998,986.56,981.04,986.56,978.58,,0.57%
04/28/1998,980.94,972.26,980.94,972.26,,0.90%
04/27/1998,972.16,983.74,983.74,971.81,,-1.12%
04/24/1998,983.19,992.41,992.41,983.19,,-0.76%
04/23/1998,990.73,996.79,996.79,989.28,,-0.59%
04/22/1998,996.58,991.62,996.58,991.62,,0.51%
04/21/1998,991.51,992.52,992.52,984.1,,-0.09%
04/20/1998,992.41,1011.2,1011.2,992.41,,-1.82%
04/17/1998,1010.76,1019.08,1019.08,1010.48,,-0.81%
04/16/1998,1018.97,1032.36,1032.36,1018.97,,-1.29%
04/15/1998,1032.25,1039.56,1039.56,1032.25,,-0.69%
04/14/1998,1039.45,1042.6,1042.6,1035.25,,-0.30%
04/13/1998,1042.6,1058.47,1058.47,1042.6,,-1.50%
04/09/1998,1058.47,1053.97,1058.47,1049.76,,0.45%
04/08/1998,1053.74,1060.16,1060.16,1051.88,,-0.60%
04/07/1998,1060.05,1074,1074,1060.05,,-1.28%
04/06/1998,1073.78,1074.22,1074.22,1066.5,,0.30%
04/03/1998,1070.62,1072.54,1072.54,1069.62,,-0.17%
04/02/1998,1072.42,1065.45,1072.42,1063.49,,0.66%
04/01/1998,1065.34,1062.74,1065.34,1058.02,,0.26%
03/31/1998,1062.63,1056.44,1062.63,1053.78,,0.60%
03/30/1998,1056.33,1049.24,1056.33,1047.64,,0.25%
03/27/1998,1053.74,1058.69,1063.15,1053.74,,-0.33%
03/26/1998,1057.23,1042.15,1057.23,1039.25,,0.85%
03/25/1998,1048.34,1057.68,1057.68,1048.34,,-0.85%
03/24/1998,1057.35,1060.16,1060.16,1053.33,,-0.25%
03/23/1998,1060.05,1070.85,1070.85,1060.05,,-0.79%
03/20/1998,1068.49,1040.12,1068.49,1040.12,,2.75%
03/19/1998,1039.9,1042.15,1042.84,1021.88,,-0.21%
03/18/1998,1042.04,1060.83,1060.83,1039.7,,-1.76%
03/17/1998,1060.72,1067.13,1067.13,1060.72,,-0.56%
03/16/1998,1066.69,1061.51,1066.69,1060.14,,0.50%
03/13/1998,1061.4,1046.88,1061.4,1046.88,,1.39%
03/12/1998,1046.88,1050.14,1050.14,1043.62,,-0.30%
03/11/1998,1050.03,1043.61,1050.03,1043.61,,0.63%
03/10/1998,1043.5,1034.5,1043.5,1030.68,,0.88%
03/09/1998,1034.39,1039.56,1039.56,1034.39,,-0.48%
03/06/1998,1039.34,1017.61,1039.34,1017.61,,2.15%
03/05/1998,1017.51,1016.6,1017.51,1007,,-0.24%
03/04/1998,1019.99,1021.33,1021.33,1012.3,,-0.12%
03/03/1998,1021.22,1018.4,1021.22,1018.4,,0.29%
03/02/1998,1018.3,1001.52,1018.3,1001.36,,1.69%
02/27/1998,1001.42,989.82,1001.42,989.82,,1.18%
02/26/1998,989.71,965.85,989.71,965.85,,2.48%
02/25/1998,965.74,966.86,966.86,960.71,,-0.11%
02/24/1998,966.76,980.81,980.81,966.76,,-1.42%
02/23/1998,980.71,976.54,980.71,976.54,,0.61%
02/20/1998,974.75,972.94,974.75,970.08,,0.20%
02/19/1998,972.83,964.27,972.83,964.27,,0.90%
02/18/1998,964.17,943.45,964.17,943.45,,2.22%
02/17/1998,943.24,918.58,943.24,918.58,,2.77%
02/16/1998,917.81,915.09,917.81,911.83,,0.31%
02/13/1998,914.99,901.7,914.99,901.7,,1.49%
02/12/1998,901.6,900.57,901.6,895.31,,0.12%
02/11/1998,900.48,902.37,902.37,896.1,,-0.09%
02/10/1998,901.26,903.72,903.72,897.77,,-0.26%
02/09/1998,903.63,909.01,909.01,902.8,,-0.59%
02/06/1998,909.03,908.45,909.03,903.91,,0.07%
02/05/1998,908.35,919.7,926,908.35,,-1.22%
02/04/1998,919.61,932.19,932.19,910.58,,-1.34%
02/03/1998,932.1,939.51,939.51,927.04,,-0.75%
02/02/1998,939.19,911.94,939.19,911.94,,3.52%
01/30/1998,907.23,881.1,907.23,881.1,,2.98%
01/29/1998,881.01,876.71,881.01,871.68,,0.50%
01/28/1998,876.62,871.31,876.62,869.42,,0.62%
01/27/1998,871.22,886.61,1006.46,871.22,,-1.73%
01/26/1998,886.52,892.58,892.58,886.05,,-0.39%
01/23/1998,890.01,893.03,893.03,888.4,,-0.33%
01/22/1998,892.94,905.07,905.07,892.76,,-1.33%
01/21/1998,904.98,915.99,915.99,904.49,,-1.16%
01/20/1998,915.56,918.69,918.69,915.56,,-0.29%
01/19/1998,918.26,905.63,918.26,905.63,,1.48%
01/16/1998,904.87,885.49,904.87,885.49,,2.16%
01/15/1998,885.74,895.73,895.73,885.32,,-1.11%
01/14/1998,895.64,906.2,907.03,895.64,,-1.01%
01/13/1998,904.75,915.54,927.12,903.48,,-1.17%
01/12/1998,915.44,914.3,915.44,875.06,,-0.23%
01/09/1998,917.58,957.18,957.18,910.36,,-4.13%
01/08/1998,957.08,988.02,988.02,957.08,,-3.12%
01/07/1998,987.91,1012.89,1012.89,987.91,,-2.42%
01/06/1998,1012.45,1025.27,1025.27,1012.45,,-1.24%
01/05/1998,1025.16,1025.83,1025.83,1017.29,,-0.05%
01/02/1998,1025.72,1017.61,1025.72,1017.17,,0.89%
12/31/1997,1016.72,1019.42,1019.42,1014.94,,-0.25%
12/30/1997,1019.31,993.53,1019.31,993.53,,2.72%
12/29/1997,992.3,979.8,992.3,979.8,,1.30%
12/26/1997,979.59,982.05,982.05,974.21,,-0.24%
12/24/1997,981.95,979.35,981.95,973.76,,0.28%
12/23/1997,979.25,984.75,984.75,976.44,,-0.46%
12/22/1997,983.75,987.9,987.9,980.57,,-0.41%
12/19/1997,987.8,1002.76,1002.76,987.8,,-1.56%
12/18/1997,1003.44,1013.56,1013.56,1003.44,,-0.99%
12/17/1997,1013.46,1008.95,1013.46,1008.95,,0.68%
12/16/1997,1006.59,1009.51,1009.51,1003.34,,-0.28%
12/15/1997,1009.41,1017.28,1017.28,1008.8,,-0.76%
12/12/1997,1017.17,1012.78,1017.17,1010.15,,-0.35%
12/10/1997,1020.77,1035.51,1035.51,1020.77,,-1.47%
12/09/1997,1035.96,1046.99,1046.99,1035.96,,-1.09%
12/05/1997,1047.33,1048.9,1048.9,1041.61,,-0.14%
12/04/1997,1048.79,1041.47,1048.79,1041.47,,0.71%
12/03/1997,1041.37,1046.76,1046.76,1038.38,,-0.50%
12/02/1997,1046.65,1043.39,1046.65,1043.39,,0.37%
12/01/1997,1042.83,1038.21,1042.83,1035.92,,0.52%
11/28/1997,1037.43,1039,1039,1033.13,,-0.10%
11/27/1997,1038.44,1038.89,1038.89,1026.62,,-0.03%
11/26/1997,1038.78,1031.57,1038.78,1031.24,,0.71%
11/25/1997,1031.46,1031.68,1031.8,1024.43,,-0.01%
11/24/1997,1031.58,1036.52,1036.52,1027.89,,-0.35%
11/21/1997,1035.18,1025.83,1035.18,1025.83,,0.84%
11/20/1997,1026.51,1019.75,1026.51,1018.85,,0.67%
11/19/1997,1019.65,1018.52,1019.65,1012.52,,0.09%
11/18/1997,1018.75,1025.61,1025.61,1016.95,,-0.70%
11/17/1997,1025.95,1015.93,1025.95,1015.93,,1.05%
11/14/1997,1015.26,1012.33,1015.26,1008.69,,0.30%
11/13/1997,1012.22,1018.97,1023.42,1008.12,,-0.65%
11/12/1997,1018.86,1034.38,1034.38,1018.86,,-1.49%
11/11/1997,1034.28,1037.99,1037.99,1033.47,,-0.30%
11/10/1997,1037.43,1034.72,1042.17,1034.72,,0.37%
11/07/1997,1033.6,1056.44,1056.44,1033.6,,-2.29%
11/06/1997,1057.8,1070.85,1070.85,1057.8,,-1.21%
11/05/1997,1070.74,1066.8,1070.74,1066.5,,0.42%
11/04/1997,1066.24,1075.46,1075.46,1066.24,,-0.84%
11/03/1997,1075.24,1066.01,1075.24,1066.01,,0.96%
10/31/1997,1065,1056.44,1066.95,1050.97,,0.86%
10/30/1997,1055.88,1045.19,1056.9,1028.98,,1.12%
10/29/1997,1044.18,1074.9,1074.9,1044.18,,1.55%
10/28/1997,1028.2,1013.56,1028.2,956.82,,-0.24%
10/27/1997,1030.68,1086.15,1086.15,1030.68,,-5.10%
10/24/1997,1086.04,1098.31,1098.31,1086.04,,-0.72%
10/23/1997,1093.92,1107.31,1107.31,1093.92,,-1.28%
10/22/1997,1108.1,1094.26,1108.1,1094.26,,1.23%
10/21/1997,1094.59,1088.4,1094.59,1086.81,,0.58%
10/20/1997,1088.29,1090.21,1090.21,1086.59,,-0.17%
10/17/1997,1090.09,1101.12,1101.12,1090.09,,-0.99%
10/16/1997,1101.01,1101.8,1103.18,1101.01,,-0.06%
10/15/1997,1101.68,1104.84,1104.84,1095.51,,-0.40%
10/14/1997,1106.07,1116.99,1116.99,1106.07,,-0.97%
10/13/1997,1116.87,1120.25,1120.25,1110.91,,-0.14%
10/10/1997,1118.45,1120.59,1120.59,1113.59,,-0.28%
10/09/1997,1121.6,1107.09,1121.6,1098.22,,1.32%
10/08/1997,1106.97,1118.45,1118.45,1104.65,,-1.02%
10/07/1997,1118.34,1131.73,1131.73,1117.84,,-1.17%
10/06/1997,1131.62,1143.1,1143.1,1131.15,,-0.99%
10/03/1997,1142.98,1143.66,1145.25,1141.94,,-0.05%
10/02/1997,1143.54,1152.1,1152.1,1143.28,,-0.73%
10/01/1997,1151.98,1151.77,1151.98,1146.15,,0.03%
09/30/1997,1151.65,1156.04,1156.04,1147.85,,-0.37%
09/29/1997,1155.92,1155.48,1155.92,1150.21,,0.05%
09/26/1997,1155.36,1150.64,1155.36,1149.86,,0.42%
09/25/1997,1150.52,1162.8,1162.8,1150.52,,-1.04%
09/24/1997,1162.56,1170.11,1170.11,1161.94,,-0.64%
09/23/1997,1169.99,1181.7,1181.7,1169.94,,-0.98%
09/22/1997,1181.58,1185.19,1185.19,1178.99,,-0.10%
09/17/1997,1182.82,1175.51,1182.82,1172.96,,0.63%
09/16/1997,1175.39,1164.82,1175.39,1163.51,,0.92%
09/15/1997,1164.7,1177.99,1177.99,1164.7,,-1.12%
09/12/1997,1177.87,1179.79,1179.79,1170.28,,-0.15%
09/10/1997,1179.67,1184.52,1184.52,1175.97,,-0.40%
09/09/1997,1184.39,1177.09,1184.39,1175.75,,0.63%
09/08/1997,1176.97,1185.87,1185.87,1176.97,,-0.74%
09/05/1997,1185.74,1195.66,1195.66,1185.74,,-0.52%
09/04/1997,1191.93,1198.13,1198.13,1188.02,,-0.51%
09/03/1997,1198.01,1167.3,1198.01,1167.3,,2.64%
09/02/1997,1167.18,1144.68,1167.18,1144.68,,2.03%
09/01/1997,1143.99,1146.14,1146.15,1136.58,,-0.18%
08/29/1997,1146.02,1155.82,1155.82,1146.02,,-0.84%
08/28/1997,1155.7,1168.99,1168.99,1155.7,,-1.13%
08/27/1997,1168.86,1171.01,1171.01,1163.92,,-0.14%
08/26/1997,1170.55,1173.37,1173.37,1166.04,,-0.23%
08/25/1997,1173.25,1183.17,1183.17,1173.25,,-0.73%
08/22/1997,1181.92,1185.87,1185.87,1178.99,,-1.20%
08/21/1997,1196.32,1206.46,1206.46,1196.32,,-0.83%
08/20/1997,1206.34,1190.93,1206.34,1190.93,,1.30%
08/19/1997,1190.81,1182.15,1190.81,1182.15,,0.74%
08/18/1997,1182.03,1190.82,1190.82,1180.99,,-0.74%
08/14/1997,1190.81,1176.19,1190.81,1176.19,,1.29%
08/13/1997,1175.62,1180.13,1181.22,1175.62,,-0.37%
08/12/1997,1180,1192.17,1192.17,1180,,-1.01%
08/11/1997,1192.05,1208.26,1208.26,1192.05,,-1.28%
08/08/1997,1207.46,1214,1214,1203.76,,-0.53%
08/07/1997,1213.88,1216.03,1216.4,1209.9,,-0.17%
08/06/1997,1215.9,1207.93,1215.9,1205.77,,0.75%
08/05/1997,1206.9,1224.36,1224.36,1206.9,,-1.39%
08/04/1997,1223.89,1222.11,1223.89,1217.15,,0.16%
08/01/1997,1221.98,1207.7,1221.98,1207.7,,1.19%
07/31/1997,1207.57,1212.88,1212.88,1207.44,,-0.43%
07/30/1997,1212.75,1204.89,1212.75,1204.89,,0.66%
07/29/1997,1204.76,1198.47,1204.76,1197.84,,0.53%
07/28/1997,1198.35,1212.31,1212.31,1197.01,,-1.15%
07/25/1997,1212.3,1197.23,1212.3,1197.23,,1.34%
07/24/1997,1196.32,1181.25,1196.32,1181.25,,1.30%
07/23/1997,1181.02,1161.9,1181.02,1161.9,,1.66%
07/22/1997,1161.77,1146.81,1161.77,1146.81,,1.31%
07/21/1997,1146.7,1172.92,1172.92,1146.7,,-2.04%
07/18/1997,1170.55,1184.18,1184.18,1170.55,,-1.13%
07/17/1997,1183.94,1194.76,1194.76,1183.94,,-0.89%
07/16/1997,1194.63,1182.15,1194.63,1182.15,,1.07%
07/15/1997,1182.03,1206.12,1206.12,1181.44,,-1.91%
07/14/1997,1205.1,1213.33,1213.33,1200.5,,-0.63%
07/11/1997,1212.75,1223.23,1223.23,1212.75,,-0.81%
07/10/1997,1222.65,1227.4,1227.4,1222.4,,-0.38%
07/09/1997,1227.27,1226.83,1229.26,1224.63,,0.05%
07/08/1997,1226.71,1224.92,1226.71,1220.72,,0.16%
07/07/1997,1224.79,1236.06,1236.06,1222.72,,-0.90%
07/04/1997,1235.93,1230.66,1235.93,1226.3,,0.44%
07/03/1997,1230.53,1217.72,1230.53,1217.72,,1.06%
07/02/1997,1217.59,1203.42,1217.59,1203.42,,1.19%
07/01/1997,1203.3,1184.97,1203.3,1184.97,,1.56%
06/30/1997,1184.84,1185.53,1185.53,1178.09,,-0.05%
06/27/1997,1185.41,1184.63,1186.97,1180.44,,0.08%
06/26/1997,1184.51,1185.53,1185.53,1178.2,,-0.08%
06/25/1997,1185.41,1193.07,1193.07,1185.35,,-0.63%
06/24/1997,1192.95,1184.4,1192.95,1182.8,,0.73%
06/23/1997,1184.28,1197.01,1197.01,1184.28,,-1.05%
06/20/1997,1196.88,1198.7,1198.7,1192.38,,-0.14%
06/19/1997,1198.57,1192.39,1198.57,1191.93,,0.53%
06/18/1997,1192.27,1199.37,1199.37,1192.04,,-0.58%
06/17/1997,1199.25,1210.4,1210.4,1199.25,,-0.91%
06/16/1997,1210.28,1226.27,1226.27,1193.51,,-1.28%
06/13/1997,1226.03,1234.6,1234.6,1226.03,,-0.68%
06/12/1997,1234.47,1213.89,1234.47,1213.89,,1.71%
06/11/1997,1213.76,1190.37,1213.76,1190.37,,2.01%
06/10/1997,1189.79,1177.76,1189.79,1177.76,,1.03%
06/09/1997,1177.64,1176.19,1177.84,1173.41,,-0.08%
06/05/1997,1178.54,1200.27,1200.27,1178.54,,-1.80%
06/04/1997,1200.15,1201.62,1206.1,1200.15,,-0.11%
06/03/1997,1201.5,1202.3,1202.3,1195.88,,-0.11%
06/02/1997,1202.85,1169.89,1202.85,1169.89,,2.83%
05/30/1997,1169.76,1151.65,1169.76,1151.65,,2.15%
05/28/1997,1145.12,1137.36,1145.12,1137.36,,0.71%
05/27/1997,1137.02,1128.92,1137.02,1126.98,,0.73%
05/26/1997,1128.8,1127.91,1128.8,1119.51,,0.10%
05/23/1997,1127.68,1115.87,1127.68,1115.87,,1.23%
05/22/1997,1113.95,1100,1113.95,1100,,1.46%
05/20/1997,1097.97,1092.01,1097.97,1090.71,,0.68%
05/19/1997,1090.54,1079.51,1090.54,1079.51,,1.04%
05/16/1997,1079.29,1070.17,1079.29,1070.17,,0.86%
05/15/1997,1070.06,1069.05,1070.06,1061.48,,0.10%
05/14/1997,1068.94,1077.15,1077.15,1068.06,,-0.72%
05/13/1997,1076.7,1084.8,1084.8,1076.21,,-0.76%
05/12/1997,1084.92,1086.15,1086.61,1078.33,,-0.10%
05/09/1997,1086.04,1081.43,1086.04,1076.99,,0.44%
05/08/1997,1081.31,1074.34,1081.31,1072.64,,0.65%
05/07/1997,1074.34,1077.49,1077.49,1068.95,,-0.25%
05/06/1997,1077.04,1073.77,1077.04,1072.53,,0.31%
05/05/1997,1073.66,1076.7,1076.7,1069.4,,-0.11%
05/02/1997,1074.79,1069.95,1074.79,1066.16,,0.46%
04/30/1997,1069.84,1065.9,1069.84,1062.7,,0.38%
04/29/1997,1065.79,1054.19,1065.79,1051.76,,1.11%
04/28/1997,1054.08,1054.3,1054.3,1045.52,,-0.04%
04/25/1997,1054.53,1062.29,1062.29,1053.44,,-0.67%
04/24/1997,1061.62,1062.29,1062.7,1058.02,,-0.05%
04/23/1997,1062.18,1056.44,1062.18,1056.44,,0.59%
04/22/1997,1056,1049.69,1056,1047.53,,0.61%
04/21/1997,1049.58,1057.79,1057.79,1049.58,,-0.75%
04/18/1997,1057.46,1051.38,1057.46,1048.87,,0.60%
04/17/1997,1051.16,1062.07,1062.07,1051.16,,-1.02%
04/16/1997,1061.96,1045.75,1061.96,1042.29,,1.60%
04/15/1997,1045.19,1055.09,1055.09,1045.19,,-0.93%
04/14/1997,1054.98,1070.62,1070.62,1051.31,,-0.99%
04/11/1997,1065.56,1076.7,1076.7,1065.56,,-1.09%
04/10/1997,1077.26,1062.29,1077.26,1062.29,,1.42%
04/09/1997,1062.18,1058.58,1062.18,1056.46,,0.54%
04/08/1997,1056.45,1050.59,1056.45,1048.53,,0.57%
04/07/1997,1050.48,1022,1050.48,1022,,0.48%
04/04/1997,1045.42,1055.54,1055.54,1045.42,,-0.84%
04/03/1997,1054.31,1032.81,1054.31,1032.81,,2.09%
04/02/1997,1032.7,1023.02,1032.7,1023.02,,0.96%
04/01/1997,1022.91,1023.35,1024.36,1017.06,,-0.03%
03/31/1997,1023.25,1030.11,1030.11,1021.97,,-0.80%
03/27/1997,1031.46,1024.82,1031.46,1024.82,,1.01%
03/26/1997,1021.11,1020.77,1021.11,1013.83,,-0.02%
03/25/1997,1021.34,1020.77,1022.78,1016.17,,0.07%
03/24/1997,1020.66,1017.05,1020.66,1017.05,,0.36%
03/21/1997,1016.95,1005.01,1016.95,1005.01,,1.24%
03/20/1997,1004.46,1009.29,1009.29,1002,,-0.47%
03/19/1997,1009.18,1018.07,1018.07,1008.8,,-0.86%
03/18/1997,1017.96,1031.91,1031.91,1017.96,,-1.34%
03/17/1997,1031.8,1045.41,1045.41,1031.8,,-1.29%
03/14/1997,1045.3,1040.69,1045.3,1038.6,,0.45%
03/13/1997,1040.58,1052.17,1052.17,1039.92,,-1.09%
03/12/1997,1052.06,1057.91,1057.91,1052.06,,-0.54%
03/11/1997,1057.8,1054.75,1057.8,1053.89,,0.30%
03/10/1997,1054.64,1053.74,1054.64,1049.98,,0.14%
03/07/1997,1053.18,1036.3,1053.18,1036.3,,1.64%
03/06/1997,1036.19,1027.74,1036.19,1027.74,,0.84%
03/05/1997,1027.52,1028.08,1028.08,1021.53,,-0.04%
03/04/1997,1027.97,1031.57,1031.57,1027.97,,-0.34%
03/03/1997,1031.46,1037.08,1037.08,1028.33,,-1.24%
02/28/1997,1044.4,1057.79,1057.79,1043.53,,-1.26%
02/27/1997,1057.68,1066.12,1066.12,1057.68,,-0.78%
02/26/1997,1066.01,1066.68,1070.74,1066.01,,-0.05%
02/25/1997,1066.57,1043.27,1066.57,1043.27,,2.28%
02/24/1997,1042.83,1043.72,1043.72,1034.92,,-0.08%
02/21/1997,1043.62,1038.77,1043.62,1037.04,,0.48%
02/20/1997,1038.67,1037.65,1038.67,1031.12,,-0.08%
02/19/1997,1039.45,1043.5,1043.5,1034.69,,-0.38%
02/18/1997,1043.39,1037.31,1043.39,1037.31,,0.57%
02/17/1997,1037.43,1042.6,1042.6,1033.91,,-0.49%
02/14/1997,1042.49,1048.56,1048.56,1040.72,,-0.57%
02/13/1997,1048.46,1038.44,1048.46,1038.44,,0.99%
02/12/1997,1038.22,1029.32,1038.22,1027.07,,0.88%
02/11/1997,1029.21,1042.71,1042.71,1027.86,,-1.22%
02/10/1997,1041.93,1044.4,1046.86,1041.93,,-0.17%
02/07/1997,1043.73,1005.46,1043.73,1005.46,,3.82%
02/06/1997,1005.36,1006.02,1006.02,1000.55,,-0.06%
02/05/1997,1005.92,1006.47,1008.01,1002.78,,-0.04%
02/04/1997,1006.37,1006.81,1006.81,1003.67,,-0.03%
02/03/1997,1006.71,995.56,1006.71,995.16,,1.13%
01/31/1997,995.45,989.25,998.76,989.25,,0.64%
01/30/1997,989.15,973.39,989.15,973.39,,1.63%
01/29/1997,973.28,970.91,973.28,965.73,,0.25%
01/28/1997,970.81,958.08,970.81,958.08,,1.34%
01/27/1997,957.98,975.86,975.86,957.98,,-1.82%
01/24/1997,975.76,997.81,997.81,975.76,,-2.25%
01/23/1997,998.27,982.16,998.27,979.93,,1.76%
01/22/1997,981.05,1002.08,1002.08,975.31,,-2.09%
01/21/1997,1001.98,1036.63,1036.63,999.33,,-3.35%
01/20/1997,1036.75,1019.53,1036.75,1019.53,,1.70%
01/17/1997,1019.42,1003.55,1019.42,1003.55,,1.60%
01/16/1997,1003.33,1010.07,1010.07,1001.55,,-0.65%
01/15/1997,1009.86,999.5,1009.86,999.5,,1.06%
01/14/1997,999.28,980.03,999.28,980.03,,1.98%
01/13/1997,979.92,970.46,979.92,970.46,,0.92%
01/10/1997,971.03,973.39,973.39,965.73,,-0.23%
01/09/1997,973.28,982.05,982.05,959.41,,-0.88%
01/08/1997,981.95,966.07,981.95,966.07,,1.65%
01/07/1997,965.97,953.92,965.97,951.4,,1.41%
01/06/1997,952.58,929.04,952.58,929.04,,2.47%
01/03/1997,929.62,904.62,929.62,904.62,,2.76%
01/02/1997,904.64,900.91,904.64,898.1,,0.45%
12/30/1996,900.59,906.42,906.42,899.67,,-0.63%
12/27/1996,906.33,905.97,907.76,903.57,,0.05%
12/26/1996,905.88,895.39,905.88,895.39,,1.18%
12/24/1996,895.3,897.42,897.42,890.18,,-0.23%
12/23/1996,897.33,905.41,905.41,897.33,,-0.88%
12/20/1996,905.32,902.03,905.36,902.03,,0.37%
12/19/1996,901.94,898.09,901.94,894.53,,0.44%
12/18/1996,898,898.88,898.88,893.19,,-0.09%
12/17/1996,898.79,906.2,906.2,898.79,,-0.81%
12/16/1996,906.1,910.59,910.59,902.9,,-0.44%
12/13/1996,910.15,922.4,922.4,910.15,,-1.32%
12/12/1996,922.31,927.58,927.58,919.75,,-0.57%
12/11/1996,927.6,936.02,936.02,927.6,,-0.89%
12/10/1996,935.92,924.65,935.92,924.65,,1.23%
12/09/1996,924.56,914.64,924.56,914.64,,1.12%
12/06/1996,914.32,923.42,923.42,904.6,,-0.94%
12/05/1996,922.98,935.35,935.35,922.98,,-1.31%
12/04/1996,935.25,936.02,936.97,933.81,,0.02%
12/03/1996,935.02,933.1,935.02,929.57,,0.18%
12/02/1996,933.34,946.49,946.49,926.93,,-1.33%
11/29/1996,945.94,948.4,948.4,943.19,,-0.25%
11/28/1996,948.3,959.43,959.43,948.24,,-1.13%
11/27/1996,959.11,966.3,966.3,958.14,,-0.73%
11/26/1996,966.2,976.99,976.99,966.2,,-1.08%
11/25/1996,976.77,979.13,979.13,971.42,,-0.09%
11/22/1996,977.67,976.76,977.67,969.97,,0.10%
11/21/1996,976.66,978.68,978.68,972.09,,-0.18%
11/20/1996,978.46,965.73,978.46,965.73,,1.33%
11/19/1996,965.63,966.86,966.86,959.15,,-0.12%
11/18/1996,966.76,975.19,975.19,959.97,,-0.64%
11/15/1996,972.95,983.96,983.96,972.71,,-1.10%
11/14/1996,983.75,991.96,991.96,983.59,,-0.82%
11/13/1996,991.85,999.16,999.16,990.73,,-0.72%
11/12/1996,999.05,991.05,999.05,991.05,,0.82%
11/11/1996,990.95,989.48,990.95,983.03,,0.15%
11/08/1996,989.49,992.07,992.07,984.25,,-0.25%
11/07/1996,991.96,998.14,998.14,989.72,,-0.60%
11/06/1996,997.93,998.82,1000,995.41,,-0.07%
11/05/1996,998.6,1000.62,1000.62,993.63,,-0.19%
11/04/1996,1000.52,1007.04,1007.04,998.54,,-0.63%
10/31/1996,1006.82,998.6,1006.82,997.97,,0.89%
10/30/1996,997.93,1010.19,1010.19,997.93,,-1.16%
10/29/1996,1009.63,1018.74,1018.74,1009.63,,-0.83%
10/28/1996,1018.07,1023.35,1023.35,1014.72,,-0.51%
10/25/1996,1023.25,1028.08,1028.08,1020.19,,-0.45%
10/24/1996,1027.86,1018.18,1027.86,1018.18,,0.97%
10/23/1996,1017.96,1022.68,1022.68,1014.05,,-0.45%
10/22/1996,1022.57,1026.73,1026.73,1018.51,,-0.38%
10/21/1996,1026.51,1037.42,1037.42,1026.51,,-1.03%
10/18/1996,1037.2,1035.17,1037.22,1030.45,,0.21%
10/17/1996,1035.06,1036.63,1036.65,1028.67,,-0.09%
10/16/1996,1035.96,1040.24,1040.24,1031.46,,-0.05%
10/15/1996,1036.53,1041.47,1041.47,1036.53,,-0.44%
10/14/1996,1041.14,1044.18,1044.18,1036.03,,-0.28%
10/11/1996,1044.07,1042.15,1044.21,1044.07,,0.19%
10/10/1996,1042.04,1050.93,1050.93,1042.04,,-0.83%
10/09/1996,1050.71,1052.84,1052.84,1047.08,,-0.16%
10/08/1996,1052.39,1041.02,1052.39,1041.02,,1.10%
10/07/1996,1040.92,1031.35,1040.92,1031.35,,0.93%
10/04/1996,1031.35,1019.98,1031.35,1019.98,,1.13%
10/03/1996,1019.87,1010.97,1019.87,1010.97,,0.85%
10/02/1996,1011.32,1006.36,1011.32,1002.89,,0.54%
10/01/1996,1005.92,1006.14,1006.14,998.43,,-0.01%
09/30/1996,1006.03,1010.41,1010.41,1002.44,,-0.42%
09/27/1996,1010.31,1011.2,1011.2,1003.34,,-0.08%
09/26/1996,1011.1,1010.64,1011.51,1003.9,,0.06%
09/25/1996,1010.53,1016.26,1016.26,1009.14,,-0.52%
09/24/1996,1015.82,1012.44,1015.82,1010.03,,0.34%
09/23/1996,1012.33,1002.87,1012.33,1002.87,,0.95%
09/20/1996,1002.77,1000.06,1002.77,994.52,,0.28%
09/17/1996,999.95,997.13,999.95,991.62,,0.29%
09/16/1996,997.03,997.36,997.75,989.28,,-0.02%
09/13/1996,997.25,997.92,998.99,991.84,,-0.02%
09/12/1996,997.48,996.46,997.86,994.74,,0.11%
09/10/1996,996.35,996.91,996.91,988.72,,-0.07%
09/09/1996,997.03,1001.41,1001.41,992.96,,-0.08%
09/06/1996,997.82,986.67,997.82,986.67,,1.16%
09/05/1996,986.34,980.81,986.34,980.81,,0.57%
09/04/1996,980.71,980.81,982.41,978.23,,0.01%
09/03/1996,980.6,980.48,980.6,973.21,,0.17%
09/02/1996,978.91,981.26,981.26,972.98,,-0.19%
08/30/1996,980.82,981.15,981.15,973.32,,-0.02%
08/29/1996,981.05,985.43,985.43,977.11,,-0.43%
08/28/1996,985.33,986.33,986.81,980.46,,-0.08%
08/27/1996,986.11,985.2,986.11,981.13,,0.10%
08/26/1996,985.1,998.03,998.03,985.1,,-1.20%
08/23/1996,997.03,1004.45,1004.45,992,,-0.73%
08/22/1996,1004.34,1002.98,1004.97,999.43,,0.15%
08/21/1996,1002.88,1000.62,1002.88,998.2,,0.24%
08/20/1996,1000.52,997.81,1000.52,995.97,,0.28%
08/19/1996,997.7,1001.41,1001.41,993.07,,-0.35%
08/16/1996,1001.19,990.27,1001.19,990.27,,1.18%
08/14/1996,989.49,991.96,991.96,983.7,,-0.11%
08/13/1996,990.61,999.95,999.95,990.61,,-0.92%
08/12/1996,999.84,1007.71,1007.71,999.21,,-0.77%
08/09/1996,1007.61,1005.69,1007.61,1002.44,,0.20%
08/08/1996,1005.58,1006.92,1006.92,998.43,,-0.37%
08/07/1996,1009.29,1015.7,1015.7,1009.03,,-0.62%
08/06/1996,1015.6,1025.04,1025.04,1015.6,,-0.91%
08/05/1996,1024.94,1030.67,1030.67,1021.97,,-0.53%
08/02/1996,1030.45,1016.6,1030.45,1016.6,,1.37%
08/01/1996,1016.5,1015.93,1017.6,1011.04,,0.09%
07/31/1996,1015.6,1016.83,1017.14,1010.37,,-0.11%
07/30/1996,1016.72,1013.56,1016.72,1008.25,,0.32%
07/29/1996,1013.46,1024.82,1024.82,1000.34,,-1.03%
07/26/1996,1024.04,1024.48,1026.17,1021.53,,0.09%
07/25/1996,1023.14,1031.12,1031.12,1021.43,,-0.76%
07/24/1996,1031.01,1035.51,1035.51,1026.77,,-0.43%
07/23/1996,1035.51,1034.72,1036.54,1030.68,,0.03%
07/22/1996,1035.18,1041.25,1041.25,1032.69,,-0.58%
07/19/1996,1041.25,1037.76,1041.25,1034.03,,0.35%
07/18/1996,1037.65,1028.98,1037.65,1028.98,,0.86%
07/17/1996,1028.76,1036.41,1036.41,1028.56,,-0.55%
07/16/1996,1034.5,1040.24,1040.24,1028.42,,-0.54%
07/15/1996,1040.13,1048.23,1048.23,1040.13,,-0.76%
07/12/1996,1048.12,1060.61,1060.61,1048.12,,-1.17%
07/11/1996,1060.5,1064.43,1064.43,1056.68,,-0.36%
07/10/1996,1064.32,1074.34,1074.34,1064.32,,-0.92%
07/09/1996,1074.23,1071.97,1074.23,1069.51,,0.22%
07/08/1996,1071.86,1074.11,1074.11,1064.28,,-0.20%
07/05/1996,1074,1072.42,1074,1069.18,,0.16%
07/04/1996,1072.31,1064.21,1072.31,1063.37,,0.76%
07/03/1996,1064.21,1061.84,1064.21,1056.57,,0.25%
07/02/1996,1061.51,1054.3,1065.27,1054.3,,0.69%
07/01/1996,1054.19,1039.34,1054.19,1039.25,,1.38%
06/28/1996,1039.79,1029.99,1039.79,1029.99,,0.98%
06/27/1996,1029.66,1024.48,1029.66,912.61,,0.52%
06/26/1996,1024.37,1020.32,1025.88,1020.32,,0.41%
06/25/1996,1020.21,1025.72,1025.72,1017.17,,-0.53%
06/24/1996,1025.61,1029.32,1029.32,1024.09,,-0.57%
06/21/1996,1031.46,1027.86,1031.46,1025.88,,0.36%
06/20/1996,1027.75,1029.54,1029.54,1022.42,,-0.16%
06/19/1996,1029.44,1031.12,1031.12,1024.76,,-0.15%
06/18/1996,1031.01,1024.03,1031.01,1023.54,,0.70%
06/17/1996,1023.81,1032.25,1032.25,1020.3,,-0.81%
06/14/1996,1032.14,1037.42,1037.42,1032.13,,-0.50%
06/13/1996,1037.31,1017.95,1037.31,1017.95,,1.91%
06/12/1996,1017.85,999.16,1017.85,999.16,,1.88%
06/11/1996,999.05,999.27,999.27,990.84,,-0.01%
06/10/1996,999.17,993.98,999.17,993.98,,0.53%
06/07/1996,993.88,980.25,993.88,979.26,,1.51%
06/05/1996,979.14,966.52,979.14,965.84,,1.32%
06/04/1996,966.42,979.69,979.69,966.42,,-1.32%
06/03/1996,979.36,993.76,993.76,979.36,,-1.44%
05/31/1996,993.65,989.82,993.65,993.65,,0.44%
05/30/1996,989.26,987.9,989.26,989.26,,0.16%
05/29/1996,987.69,990.49,990.49,987.69,,-0.27%
05/28/1996,990.39,999.16,999.16,990.39,,-0.87%
05/27/1996,999.05,1004.9,1004.9,999.05,,-0.56%
05/24/1996,1004.68,1006.36,1006.36,1004.68,,-0.09%
05/23/1996,1005.58,1012.89,1012.89,1005.58,,-0.55%
05/22/1996,1011.1,1023.69,1023.69,1011.1,,-1.22%
05/20/1996,1023.59,1017.05,1023.59,1023.59,,0.70%
05/17/1996,1016.5,1021.67,1021.67,1016.5,,-0.37%
05/16/1996,1020.32,1030.78,1030.78,1020.32,,-0.95%
05/15/1996,1030.11,1038.66,1038.66,1030.11,,-0.81%
05/14/1996,1038.55,1032.25,1038.55,1038.55,,0.62%
05/13/1996,1032.14,1039.22,1039.22,1032.14,,-0.56%
05/10/1996,1037.99,1041.47,1041.47,1037.99,,-0.32%
05/09/1996,1041.37,1036.41,1041.37,1041.37,,0.49%
05/08/1996,1036.3,1033.48,1036.3,1036.3,,0.30%
05/07/1996,1033.15,1026.06,1033.15,1033.15,,0.78%
05/06/1996,1025.16,1024.37,1025.16,1025.16,,0.20%
05/03/1996,1023.14,1026.17,1026.17,1023.14,,0.14%
05/02/1996,1021.67,1014.8,1021.67,1021.67,,0.74%
04/30/1996,1014.13,1022.12,1022.12,1014.13,,-0.77%
04/29/1996,1022.01,1029.77,1029.77,1022.01,,-0.72%
04/26/1996,1029.44,1019.64,1029.44,1029.44,,0.97%
04/25/1996,1019.53,1011.09,1019.53,1019.53,,0.89%
04/24/1996,1010.53,1015.81,1015.81,1010.53,,-0.49%
04/23/1996,1015.48,1016.71,1016.71,1015.48,,-0.11%
04/22/1996,1016.61,1006.14,1016.61,1016.61,,1.02%
04/19/1996,1006.37,989.48,1006.37,1006.37,,1.75%
04/18/1996,989.04,985.09,989.04,989.04,,0.43%
04/17/1996,984.76,983.85,984.76,984.76,,0.27%
04/16/1996,982.06,977.55,982.06,982.06,,0.48%
04/15/1996,977.34,967.2,977.34,977.34,,1.06%
04/12/1996,967.1,957.07,967.1,967.1,,1.07%
04/11/1996,956.85,953.92,956.85,956.85,,0.32%
04/10/1996,953.82,945.81,953.82,953.82,,0.88%
04/09/1996,945.49,942.89,945.49,945.49,,0.29%
04/08/1996,942.79,946.6,946.6,942.79,,-0.45%
04/04/1996,947.06,949.08,949.08,947.06,,-0.18%
04/03/1996,948.75,965.06,965.06,948.75,,-1.67%
04/02/1996,964.84,963.59,964.84,964.84,,0.14%
04/01/1996,963.49,973.61,973.61,963.49,,-1.03%
03/29/1996,973.51,972.49,973.51,973.51,,0.12%
03/28/1996,972.38,966.86,972.38,972.38,,0.48%
03/27/1996,967.77,969.9,969.9,967.77,,-0.21%
03/26/1996,969.8,983.4,983.4,969.8,,-1.37%
03/25/1996,983.3,989.37,989.37,983.3,,-0.60%
03/22/1996,989.26,984.75,989.26,989.26,,0.47%
03/21/1996,984.65,989.59,989.59,984.65,,-0.49%
03/20/1996,989.49,988.02,989.49,989.49,,0.16%
03/19/1996,987.91,992.97,992.97,987.91,,-0.50%
03/18/1996,992.86,995.44,995.44,992.86,,-0.17%
03/15/1996,994.55,1000.73,1000.73,994.55,,-0.61%
03/14/1996,1000.63,1001.3,1001.3,1000.63,,0.00%
03/13/1996,1000.63,998.71,1000.63,1000.63,,0.20%
03/12/1996,998.6,997.02,998.6,998.6,,0.17%
03/11/1996,996.92,985.88,996.92,996.92,,1.12%
03/08/1996,985.89,999.16,999.16,985.89,,-1.32%
03/07/1996,999.05,1005.24,1005.24,999.05,,-0.60%
03/06/1996,1005.13,1016.94,1016.94,1005.13,,-0.96%
03/05/1996,1014.92,1022.34,1022.34,1014.92,,-0.72%
03/04/1996,1022.24,1021.78,1022.24,1022.24,,0.08%
03/01/1996,1021.45,1015.48,1021.45,1021.45,,0.62%
02/29/1996,1015.15,1018.18,1018.18,1015.15,,-0.29%
02/28/1996,1018.07,1022.68,1022.68,1018.07,,-0.46%
02/27/1996,1022.8,1015.25,1022.8,1022.8,,0.75%
02/26/1996,1015.15,1014.69,1015.15,1015.15,,0.03%
02/23/1996,1014.81,1019.3,1019.3,1014.81,,-0.43%
02/22/1996,1019.2,1025.16,1025.16,1019.2,,-0.59%
02/21/1996,1025.27,1006.36,1025.27,1025.27,,1.89%
02/20/1996,1006.26,995.22,1006.26,1006.26,,1.12%
02/19/1996,995.12,999.72,999.72,995.12,,-0.39%
02/16/1996,999.05,1001.75,1001.75,999.05,,-0.24%
02/15/1996,1001.42,1014.58,1014.58,1001.42,,-1.29%
02/14/1996,1014.47,1015.59,1015.59,1014.47,,0.36%
02/13/1996,1010.87,1010.3,1010.87,1010.87,,0.07%
02/12/1996,1010.19,1024.93,1024.93,1010.19,,-1.43%
02/09/1996,1024.82,1027.18,1027.18,1024.82,,-0.22%
02/08/1996,1027.07,1028.76,1028.76,1027.07,,-0.15%
02/07/1996,1028.65,1024.48,1028.65,1028.65,,0.42%
02/06/1996,1024.37,1036.63,1036.63,1024.37,,-1.17%
02/05/1996,1036.53,1043.84,1043.84,1036.53,,-0.60%
02/02/1996,1042.83,1033.6,1042.83,1042.83,,0.90%
02/01/1996,1033.49,1015.25,1033.49,1033.49,,1.81%
01/31/1996,1015.15,1009.96,1015.15,1015.15,,0.54%
01/30/1996,1009.74,1014.46,1014.46,1009.74,,-0.46%
01/29/1996,1014.36,1010.07,1014.36,1014.36,,0.50%
01/26/1996,1009.29,1032.13,1032.13,1009.29,,-2.16%
01/25/1996,1031.58,1035.4,1035.4,1031.58,,-0.27%
01/24/1996,1034.39,1034.05,1034.39,1034.39,,0.10%
01/23/1996,1033.38,1033.82,1033.82,1033.38,,-0.03%
01/22/1996,1033.71,1044.85,1044.85,1033.71,,-1.06%
01/19/1996,1044.74,1049.35,1049.35,1044.74,,-0.35%
01/18/1996,1048.46,1048.45,1048.46,1048.46,,0.01%
01/17/1996,1048.34,1041.59,1048.34,1048.34,,0.78%
01/16/1996,1040.24,1034.95,1040.24,1040.24,,0.54%
01/15/1996,1034.61,1041.02,1041.02,1034.61,,-0.59%
01/12/1996,1040.8,1034.95,1040.8,1040.8,,0.62%
01/11/1996,1034.39,1032.92,1034.39,1034.39,,0.01%
01/10/1996,1034.28,1039.9,1039.9,1034.28,,-1.05%
01/09/1996,1045.3,1045.75,1045.75,1045.3,,0.10%
01/08/1996,1044.29,1044.63,1044.63,1044.29,,0.13%
01/05/1996,1042.94,1031.23,1042.94,1042.94,,0.71%
01/04/1996,1035.63,1042.04,1042.04,1035.63,,-0.19%
01/03/1996,1037.65,1030.44,1037.65,1037.65,,1.26%
01/02/1996,1024.71,1021.78,1024.71,1024.71,,4.14%
12/29/1995,983.99,1025.27,1025.27,983.99,,-0.46%
12/28/1995,988.56,1027.18,1027.18,988.56,,0.41%
12/27/1995,984.48,1020.2,1021.56,984.48,,0.02%
12/26/1995,984.29,1040.24,1040.24,984.29,,-1.61%
12/22/1995,1000.43,1034.61,1038.1,1000.43,,0.41%
12/21/1995,996.34,1027.29,1033.83,996.34,,0.46%
12/20/1995,991.77,1028.08,1029.1,991.77,,0.12%
12/19/1995,990.61,1022.12,1027.97,990.61,,0.36%
12/18/1995,987.01,1025.61,1025.61,987.01,,0.07%
12/15/1995,986.33,1010.64,1023.47,986.33,,1.73%
12/14/1995,969.51,1004.11,1006.03,969.51,,0.02%
12/13/1995,969.31,1007.82,1007.82,969.31,,0.54%
12/12/1995,964.06,988.02,1000.4,964.06,,1.55%
12/11/1995,949.38,982.05,985.1,949.38,,0.30%
12/07/1995,946.56,994.09,994.09,946.56,,-0.56%
12/06/1995,951.91,986.44,987.8,951.91,,-0.22%
12/05/1995,954.05,999.38,999.38,954.05,,-1.99%
12/04/1995,973.4,974.74,1010.08,973.4,,3.66%
12/01/1995,939.07,956.17,974.41,939.07,,1.88%
11/30/1995,921.77,950.2,956.52,921.77,,0.67%
11/29/1995,915.64,951.66,951.66,915.64,,0.18%
11/28/1995,913.99,953.35,953.35,913.99,,-0.51%
11/27/1995,918.65,965.62,965.62,918.65,,-1.25%
11/24/1995,930.32,956.39,965.41,930.32,,0.95%
11/23/1995,921.57,967.98,967.98,921.57,,-1.20%
11/22/1995,932.75,970.35,970.35,932.75,,-0.18%
11/21/1995,934.41,960.11,969.57,934.41,,1.00%
11/20/1995,925.17,958.75,960.01,925.17,,0.22%
11/17/1995,923.13,949.64,957.87,923.13,,0.88%
11/16/1995,915.06,954.59,954.59,915.06,,-0.51%
11/15/1995,919.72,952,954.38,919.72,,0.25%
11/14/1995,917.39,935.35,951.9,917.39,,1.79%
11/13/1995,901.25,940.97,940.97,901.25,,-0.60%
11/10/1995,906.69,952.34,952.34,906.69,,-1.19%
11/09/1995,917.58,960.89,960.89,917.58,,-0.90%
11/08/1995,925.95,971.13,971.13,925.95,,-1.05%
11/07/1995,935.77,967.42,971.03,935.77,,0.42%
11/06/1995,931.88,985.65,985.65,931.88,,-1.80%
11/03/1995,948.99,991.28,991.28,948.99,,-0.61%
11/02/1995,954.82,1004.9,1004.9,954.82,,-1.44%
10/31/1995,968.73,1011.2,1011.2,968.73,,-0.58%
10/30/1995,974.37,1023.13,1023.13,974.37,,-1.17%
10/27/1995,985.94,999.38,1023.02,985.94,,2.38%
10/26/1995,962.99,1012.66,1012.66,962.99,,-1.31%
10/25/1995,975.73,1021.22,1021.22,975.73,,-0.84%
10/24/1995,983.99,1016.38,1021.11,983.99,,0.48%
10/23/1995,979.33,992.97,1016.27,979.33,,2.35%
10/20/1995,956.87,991.96,992.86,956.87,,0.11%
10/19/1995,955.8,1001.41,1001.41,955.8,,-0.95%
10/18/1995,964.94,1010.3,1010.3,964.94,,-0.68%
10/17/1995,971.55,1000.06,1008.17,971.55,,1.78%
10/16/1995,954.53,983.29,990.5,954.53,,0.74%
10/13/1995,947.53,971.7,983.19,947.53,,1.19%
10/11/1995,936.35,958.64,971.6,936.35,,1.44%
10/10/1995,923.03,964.61,964.61,923.03,,-0.70%
10/09/1995,929.54,971.13,971.13,929.54,,-0.60%
10/06/1995,935.18,960.89,970.36,935.18,,1.00%
10/05/1995,925.95,951.89,960.79,925.95,,1.20%
10/04/1995,914.96,956.17,956.17,914.96,,-0.70%
10/03/1995,921.38,966.75,966.75,921.38,,-1.10%
10/02/1995,931.59,970.01,970.01,931.59,,-0.33%
09/29/1995,934.7,959.77,969.91,934.7,,1.07%
09/28/1995,924.78,937.93,959.67,924.78,,2.32%
09/27/1995,903.78,935.91,937.84,903.78,,0.28%
09/26/1995,901.25,955.94,955.94,901.25,,-2.16%
09/25/1995,921.18,967.42,967.42,921.18,,-1.18%
09/22/1995,932.17,971.92,971.92,932.17,,-0.47%
09/21/1995,936.55,981.26,981.26,936.55,,-0.95%
09/20/1995,945.49,983.18,983.18,945.49,,-0.21%
09/15/1995,947.44,973.61,983.07,947.44,,0.98%
09/14/1995,938.2,971.36,973.51,938.2,,0.24%
09/13/1995,935.96,967.76,971.26,935.96,,0.36%
09/12/1995,932.56,974.06,974.06,932.56,,-0.64%
09/08/1995,938.59,981.6,981.6,938.59,,-0.77%
09/07/1995,945.88,989.25,989.25,945.88,,-0.67%
09/06/1995,952.3,992.18,992.18,952.3,,-0.38%
09/05/1995,955.89,998.82,998.82,955.89,,-0.68%
09/04/1995,962.41,993.87,998.72,962.41,,0.50%
09/01/1995,957.64,993.42,993.77,957.64,,0.06%
08/31/1995,957.06,989.03,993.09,957.06,,0.44%
08/30/1995,952.88,980.14,988.81,952.88,,0.90%
08/29/1995,944.42,967.65,980.04,944.42,,1.28%
08/28/1995,932.46,978,978,932.46,,-1.02%
08/25/1995,942.09,978.34,978.34,942.09,,-0.07%
08/24/1995,942.77,989.03,989.03,942.77,,-1.06%
08/23/1995,952.88,1004.79,1004.79,952.88,,-1.59%
08/22/1995,968.24,1017.5,1017.5,968.24,,-1.25%
08/21/1995,980.49,1031.46,1031.46,980.49,,-1.29%
08/18/1995,993.33,1007.94,1030.79,993.33,,2.27%
08/17/1995,971.26,980.14,1007.83,971.26,,2.84%
08/16/1995,944.42,969,980.04,944.42,,1.14%
08/15/1995,933.73,997.58,997.58,933.73,,0.00%
08/14/1995,933.73,997.58,997.58,933.73,,-2.86%
08/11/1995,961.24,1003.66,1003.66,961.24,,-1.42%
08/10/1995,975.05,1008.84,1011.77,975.05,,0.27%
08/09/1995,972.42,1021.89,1021.89,972.42,,-1.24%
08/08/1995,984.58,1032.92,1032.92,984.58,,-1.08%
08/07/1995,995.37,1041.36,1041.36,995.37,,-0.71%
08/04/1995,1002.47,1043.39,1043.39,1002.47,,-0.29%
08/03/1995,1005.39,1044.51,1044.51,1005.39,,-0.11%
08/02/1995,1006.46,1034.83,1044.4,1006.46,,0.94%
08/01/1995,997.12,1032.47,1034.73,997.12,,0.23%
07/31/1995,994.88,1048.56,1048.56,994.88,,-1.43%
07/28/1995,1009.28,1056.33,1056.33,1009.28,,-0.81%
07/27/1995,1017.54,1058.24,1058.24,1017.54,,-0.21%
07/26/1995,1019.68,1057.12,1058.13,1019.68,,0.11%
07/25/1995,1018.61,1009.06,1057.01,1018.61,,0.07%
07/24/1995,1017.93,1073.44,1073.44,1017.93,,-1.50%
07/21/1995,1033.39,1085.25,1085.25,1033.39,,-1.11%
07/20/1995,1044.96,1080.75,1084.35,1044.96,,0.35%
07/19/1995,1041.36,1094.59,1094.59,1041.36,,-1.11%
07/18/1995,1053.03,1096.4,1096.4,1053.03,,-0.32%
07/17/1995,1056.43,1102.58,1102.58,1056.43,,-0.57%
07/14/1995,1062.46,1101.68,1102.47,1062.46,,0.09%
07/13/1995,1061.49,1119.92,1119.92,1061.49,,-1.64%
07/12/1995,1079.19,1127.79,1127.79,1079.19,,-0.60%
07/11/1995,1085.7,1117.33,1126.55,1085.7,,0.90%
07/10/1995,1075.98,1099.32,1116.54,1075.98,,1.57%
07/07/1995,1059.35,1098.76,1099.21,1059.35,,0.06%
07/06/1995,1058.67,1075.24,1098.53,1058.67,,2.18%
07/05/1995,1036.11,1052.17,1075.13,1036.11,,2.20%
07/04/1995,1013.84,1088.63,1088.63,1013.84,,-3.46%
07/03/1995,1050.21,1076.7,1089.75,1050.21,,1.23%
06/30/1995,1037.47,1055.88,1076.59,1037.47,,2.13%
06/28/1995,1015.79,1038.66,1054.08,1015.79,,1.50%
06/27/1995,1000.82,1039.56,1039.56,1000.82,,-0.09%
06/26/1995,1001.69,1040.12,1040.12,1001.69,,0.11%
06/23/1995,1000.62,1049.58,1049.58,1000.62,,-1.07%
06/22/1995,1011.41,1041.36,1049.47,1011.41,,0.79%
06/21/1995,1003.44,1029.77,1041.25,1003.44,,1.25%
06/20/1995,991.09,1014.46,1028.42,991.09,,1.38%
06/19/1995,977.58,1037.31,1037.31,977.58,,-2.20%
06/16/1995,999.55,1039.45,1039.45,999.55,,-0.20%
06/14/1995,1001.59,1050.82,1050.82,1001.59,,-1.09%
06/13/1995,1012.58,1037.08,1050.71,1012.58,,1.32%
06/12/1995,999.36,1058.47,1058.47,999.36,,-2.02%
06/09/1995,1019.97,1058.58,1058.58,1019.97,,-0.01%
06/08/1995,1020.07,1070.4,1070.4,1020.07,,-1.10%
06/07/1995,1031.44,1084.47,1084.47,1031.44,,-1.29%
06/06/1995,1044.96,1076.7,1084.35,1044.96,,0.72%
06/05/1995,1037.47,1061.51,1076.59,1037.47,,1.45%
06/02/1995,1022.69,1057.34,1061.17,1022.69,,0.38%
06/01/1995,1018.8,1052.39,1057.23,1018.8,,0.48%
05/31/1995,1013.94,1058.24,1058.24,1013.94,,-0.57%
05/30/1995,1019.78,1062.86,1062.86,1019.78,,-0.43%
05/29/1995,1024.15,1052.17,1062.75,1024.15,,1.02%
05/26/1995,1013.84,1054.64,1054.64,1013.84,,-0.24%
05/25/1995,1016.28,1064.55,1064.55,1016.28,,-0.93%
05/24/1995,1025.8,1056.22,1064.43,1025.8,,0.79%
05/23/1995,1017.73,1040.57,1056.11,1017.73,,1.50%
05/22/1995,1002.66,1050.59,1050.59,1002.66,,-0.94%
05/19/1995,1012.19,1060.94,1060.94,1012.19,,-1.01%
05/18/1995,1022.5,1070.06,1070.06,1022.5,,1.99%
05/17/1995,1002.57,1021.89,1040.35,1002.57,,1.83%
05/16/1995,984.58,1031.12,1031.12,984.58,,-1.87%
05/15/1995,1003.34,1054.19,1054.19,1003.34,,-1.18%
05/12/1995,1015.3,1038.1,1053.52,1015.3,,1.62%
05/11/1995,999.16,1036.3,1036.75,999.16,,0.07%
05/10/1995,998.48,1015.03,1036.08,998.48,,2.09%
05/09/1995,978.06,1007.37,1014.92,978.06,,0.76%
05/08/1995,970.67,1002.76,1007.27,970.67,,0.71%
05/05/1995,963.87,992.07,1000.18,963.87,,0.87%
05/04/1995,955.51,993.87,993.87,955.51,,-0.13%
05/03/1995,956.77,971.81,992.75,956.77,,2.68%
05/02/1995,931.78,972.94,972.94,931.78,,-0.56%
04/28/1995,937.03,980.93,980.93,937.03,,-0.86%
04/27/1995,945.2,981.15,981.15,945.2,,-0.02%
04/26/1995,945.39,983.18,983.18,945.39,,-0.04%
04/25/1995,945.78,967.87,981.39,945.78,,1.41%
04/24/1995,932.66,955.72,967.77,932.66,,1.88%
04/21/1995,915.45,932.42,949.88,915.45,,2.33%
04/20/1995,894.64,925.1,928.38,894.64,,0.35%
04/19/1995,891.53,940.19,940.19,891.53,,-1.73%
04/18/1995,907.18,938.95,941.33,907.18,,0.27%
04/17/1995,904.75,940.07,940.07,904.75,,-0.12%
04/13/1995,905.82,945.36,945.36,905.82,,-0.48%
04/12/1995,910.2,946.38,946.38,910.2,,-0.19%
04/11/1995,911.95,948.06,948.06,911.95,,-0.14%
04/10/1995,913.21,950.99,950.99,913.21,,-0.34%
04/07/1995,916.32,944.12,950.89,916.32,,0.73%
04/06/1995,909.71,957.4,957.4,909.71,,0.09%
04/05/1995,908.93,922.18,943.13,908.93,,2.49%
04/04/1995,886.86,904.28,920.28,886.86,,1.77%
04/03/1995,871.4,908.79,908.79,871.4,,-0.48%
03/31/1995,875.58,917.68,917.68,875.58,,-0.98%
03/30/1995,884.23,913.06,917.58,884.23,,0.50%
03/29/1995,879.86,919.48,919.48,879.86,,-0.63%
03/28/1995,885.4,926.57,926.57,885.4,,-0.83%
03/27/1995,892.79,935.91,935.91,892.79,,-0.99%
03/24/1995,901.74,897.87,935.7,901.74,,4.23%
03/23/1995,865.18,892.47,897.78,865.18,,0.62%
03/22/1995,859.83,885.15,892.26,859.83,,0.81%
03/21/1995,852.93,880.65,885.06,852.93,,0.47%
03/20/1995,848.94,887.52,887.52,848.94,,-0.73%
03/17/1995,855.16,899.67,899.67,855.16,,-1.36%
03/16/1995,866.93,890.33,899.58,866.93,,1.09%
03/15/1995,857.59,909.24,909.24,857.59,,-2.09%
03/14/1995,875.87,854.88,908.92,875.87,,6.33%
03/13/1995,823.76,858.7,858.7,823.76,,3.99%
03/10/1995,792.15,751.45,822.04,792.15,,9.40%
03/09/1995,724.09,787.01,787.01,724.09,,-4.51%
03/08/1995,758.32,803.22,803.22,758.32,,-4.98%
03/07/1995,798.09,856.57,856.57,798.09,,-3.31%
03/06/1995,825.41,884.81,884.81,825.41,,-3.17%
03/03/1995,852.44,891.12,891.12,852.44,,-0.72%
03/02/1995,858.66,917.79,917.79,858.66,,-2.91%
03/01/1995,884.43,927.81,927.81,884.43,,-0.97%
02/28/1995,893.08,933.43,933.43,893.08,,-0.70%
02/27/1995,899.4,950.99,950.99,899.4,,-1.49%
02/24/1995,913.01,928.48,947.4,913.01,,2.04%
02/23/1995,894.74,907.32,928.38,894.74,,2.34%
02/22/1995,874.32,909.46,909.46,874.32,,-0.23%
02/21/1995,876.36,910.36,910.36,876.36,,-0.08%
02/20/1995,877.04,903.5,910.04,877.04,,0.94%
02/17/1995,868.87,881.55,901.6,868.87,,2.30%
02/16/1995,849.33,910.92,910.92,849.33,,-3.25%
02/15/1995,877.82,916.66,916.66,877.82,,-0.62%
02/14/1995,883.26,936.58,936.58,883.26,,-2.17%
02/13/1995,902.81,944.24,944.24,902.81,,-0.47%
02/10/1995,907.08,937.37,941.21,907.08,,0.25%
02/09/1995,904.85,950.43,950.43,904.85,,-1.20%
02/08/1995,915.83,959.32,959.32,915.83,,-0.97%
02/07/1995,924.78,966.63,966.63,924.78,,-0.72%
02/06/1995,931.49,984.08,984.08,931.49,,-1.63%
02/03/1995,946.95,975.19,982.62,946.95,,0.96%
02/02/1995,937.91,968.77,973.28,937.91,,0.29%
02/01/1995,935.18,974.4,974.4,935.18,,1.00%
01/31/1995,925.95,930.51,960.79,925.95,,3.33%
01/30/1995,896.1,956.39,956.39,896.1,,-2.76%
01/27/1995,921.57,961.23,961.23,921.57,,-0.50%
01/26/1995,926.24,960.56,961.13,926.24,,0.08%
01/25/1995,925.46,958.87,960.34,925.46,,0.14%
01/24/1995,924.2,950.65,958.99,924.2,,0.89%
01/23/1995,916.03,960.33,960.33,916.03,,-1.20%
01/20/1995,927.11,954.03,962.03,927.11,,0.42%
01/19/1995,923.22,979.91,979.91,923.22,,-2.24%
01/18/1995,944.42,1005.69,1005.69,944.42,,-2.53%
01/17/1995,968.92,1007.82,1007.82,968.92,,-0.83%
01/16/1995,976.99,1015.81,1015.81,976.99,,-0.07%
01/13/1995,977.67,982.28,1014.47,977.67,,3.21%
01/12/1995,947.24,957.52,982.96,947.24,,4.49%
01/11/1995,906.5,919.36,940.65,906.5,,3.77%
01/10/1995,873.54,941.42,941.42,873.54,,-5.15%
01/09/1995,920.99,983.63,983.63,920.99,,-2.83%
01/06/1995,947.82,992.52,992.52,947.82,,-0.90%
01/05/1995,956.38,991.17,992.41,956.38,,0.13%
01/04/1995,955.12,1005.69,1005.69,955.12,,-1.44%
01/03/1995,969.12,998.93,1005.58,969.12,,0.68%
01/02/1995,962.6,1009.17,1009.17,962.6,,-1.00%
12/30/1994,972.33,998.37,1008.96,972.33,,1.11%
12/29/1994,961.65,997.58,997.93,961.65,,0.04%
12/28/1994,961.31,1010.41,1010.41,961.31,,-1.27%
12/27/1994,973.63,1033.93,1033.93,973.63,,-2.27%
12/26/1994,996.28,1026.62,1033.83,996.28,,0.90%
12/23/1994,987.38,994.66,1024.6,987.38,,3.01%
12/22/1994,958.5,999.83,999.83,958.5,,-0.51%
12/21/1994,963.43,1015.36,1015.36,963.43,,-1.50%
12/20/1994,978.07,1036.18,1036.18,978.07,,-1.98%
12/19/1994,997.78,1045.75,1045.75,997.78,,-0.95%
12/16/1994,1007.36,1047.44,1047.44,1007.36,,-0.19%
12/15/1994,1009.28,1055.43,1055.43,1009.28,,-0.76%
12/14/1994,1017.01,1059.71,1059.71,1017.01,,-0.41%
12/13/1994,1021.18,1056.89,1059.6,1021.18,,0.27%
12/12/1994,1018.38,1060.83,1060.83,1018.38,,-0.10%
12/09/1994,1019.4,1065.78,1065.78,1019.4,,-0.69%
12/07/1994,1026.52,1051.6,1065.22,1026.52,,1.33%
12/06/1994,1013.04,1037.2,1051.16,1013.04,,1.36%
12/05/1994,999.42,1033.82,1037.09,999.42,,0.32%
12/02/1994,996.21,1034.27,1034.27,996.21,,-1.30%
12/01/1994,1009.35,1069.95,1069.95,1009.35,,-2.04%
11/30/1994,1030.35,1075.01,1075.01,1030.35,,-0.53%
11/29/1994,1035.89,1061.39,1074.9,1035.89,,1.28%
11/28/1994,1022.76,1056.44,1061.28,1022.76,,0.63%
11/25/1994,1016.32,1046.76,1054.64,1016.32,,0.78%
11/24/1994,1008.46,1035.28,1046.43,1008.46,,1.11%
11/23/1994,997.37,1052.39,1052.39,997.37,,-1.65%
11/22/1994,1014.07,1069.16,1069.16,1014.07,,-1.57%
11/21/1994,1030.28,1076.25,1076.25,1030.28,,-0.60%
11/18/1994,1036.51,1081.88,1081.88,1036.51,,-0.54%
11/17/1994,1042.19,1078.61,1081.43,1042.19,,0.27%
11/16/1994,1039.38,1080.19,1080.19,1039.38,,-0.14%
11/15/1994,1040.82,1086.72,1086.72,1040.82,,-0.57%
11/14/1994,1046.77,1068.26,1086.15,1046.77,,1.69%
11/11/1994,1029.39,1082.44,1082.44,1029.39,,-1.31%
11/10/1994,1043.01,1079.96,1082.33,1043.01,,0.23%
11/09/1994,1040.62,1081.88,1081.88,1040.62,,0.78%
11/08/1994,1032.61,1059.93,1071.52,1032.61,,1.43%
11/07/1994,1018.1,1062.07,1062.07,1018.1,,-0.49%
11/04/1994,1023.1,1066.23,1066.23,1023.1,,-0.42%
11/03/1994,1027.41,1076.36,1076.36,1027.41,,-0.94%
11/02/1994,1037.19,1095.72,1095.72,1037.19,,-1.76%
10/31/1994,1055.81,1091.89,1095.61,1055.81,,0.34%
10/28/1994,1052.18,1082.66,1091.78,1052.18,,0.91%
10/27/1994,1042.74,1065.78,1081.99,1042.74,,1.53%
10/26/1994,1027,1067.36,1067.36,1027,,-0.15%
10/25/1994,1028.5,1079.51,1079.51,1028.5,,-1.83%
10/24/1994,1047.66,1097.07,1097.07,1047.66,,-0.05%
10/21/1994,1048.21,1081.88,1087.73,1048.21,,0.04%
10/20/1994,1047.8,1113.28,1113.28,1047.8,,-2.33%
10/19/1994,1072.78,1109,1113.16,1072.78,,0.60%
10/18/1994,1066.34,1091.44,1106.52,1066.34,,1.62%
10/17/1994,1049.37,1083.34,1088.85,1049.37,,0.53%
10/14/1994,1043.83,1081.76,1083.12,1043.83,,0.39%
10/13/1994,1039.73,1053.97,1078.84,1039.73,,2.37%
10/11/1994,1015.64,1043.05,1053.86,1015.64,,1.11%
10/10/1994,1004.49,1028.64,1042.38,1004.49,,1.39%
10/07/1994,990.73,1008.95,1028.09,990.73,,1.91%
10/06/1994,972.19,1001.18,1008.84,972.19,,0.77%
10/05/1994,964.73,1008.84,1008.84,964.73,,-0.76%
10/04/1994,972.12,1002.76,1008.73,972.12,,0.58%
10/03/1994,966.51,989.14,1002.88,966.51,,1.41%
09/30/1994,953.1,975.97,989.04,953.1,,1.35%
09/29/1994,940.37,973.5,975.76,940.37,,0.35%
09/28/1994,937.09,966.07,972.38,937.09,,0.67%
09/27/1994,930.86,964.49,965.97,930.86,,0.34%
09/26/1994,927.71,953.92,962.71,927.71,,0.91%
09/23/1994,919.37,949.53,954.04,919.37,,0.49%
09/22/1994,914.92,948.85,949.43,914.92,,0.08%
09/21/1994,914.17,943.56,948.64,914.17,,0.35%
09/20/1994,910.95,948.96,948.96,910.95,,-0.38%
09/16/1994,914.44,929.72,948.87,914.44,,1.63%
09/15/1994,899.8,926.68,933.67,899.8,,0.77%
09/14/1994,892.95,920.94,926.58,892.95,,0.62%
09/13/1994,887.41,921.39,921.39,887.41,,-0.05%
09/12/1994,887.82,926.46,926.46,887.82,,-0.55%
09/09/1994,892.75,928.82,928.82,892.75,,-0.93%
09/08/1994,901.16,921.05,935.14,901.16,,1.68%
09/07/1994,886.25,916.33,919.61,886.25,,0.37%
09/06/1994,882.96,915.88,916.23,882.96,,0.05%
09/05/1994,882.55,923.08,923.08,882.55,,-0.78%
09/02/1994,889.46,931.52,931.52,889.46,,-0.91%
09/01/1994,897.61,940.3,940.3,897.61,,-1.08%
08/31/1994,907.39,935.8,941.55,907.39,,0.63%
08/30/1994,901.71,940.41,940.41,901.71,,-0.61%
08/29/1994,907.25,938.27,941.44,907.25,,0.85%
08/26/1994,899.59,925.33,933.45,899.59,,0.97%
08/25/1994,890.97,917.11,924.56,890.97,,1.33%
08/24/1994,879.27,909.12,912.4,879.27,,0.38%
08/23/1994,875.98,906.08,909.03,875.98,,0.39%
08/22/1994,872.56,894.83,905.43,872.56,,1.25%
08/19/1994,861.75,886.61,894.17,861.75,,0.90%
08/18/1994,854.09,884.03,886.3,854.09,,0.00%
08/17/1994,854.09,876.15,886.3,854.09,,1.16%
08/16/1994,844.3,873.33,876.06,844.3,,0.35%
08/12/1994,841.36,873.78,873.78,841.36,,0.04%
08/11/1994,841.02,876.6,876.6,841.02,,-0.37%
08/10/1994,844.17,877.39,877.39,844.17,,-0.19%
08/09/1994,845.81,878.74,878.74,845.81,,-0.13%
08/08/1994,846.9,875.25,878.76,846.9,,0.49%
08/05/1994,842.8,879.07,879.07,842.8,,-0.59%
08/04/1994,847.79,883.91,883.91,847.79,,-0.46%
08/03/1994,851.69,869.51,883.82,851.69,,1.52%
08/02/1994,838.97,848.8,870.54,838.97,,2.58%
08/01/1994,817.89,843.29,848.71,817.89,,0.66%
07/29/1994,812.55,828.99,843.2,812.55,,1.71%
07/28/1994,798.87,828.32,828.91,798.87,,0.14%
07/27/1994,797.77,829.11,829.11,797.77,,-0.15%
07/26/1994,799,831.02,831.02,799,,-0.22%
07/25/1994,800.78,825.17,830.93,800.78,,0.77%
07/22/1994,794.63,840.47,840.47,794.63,,-1.86%
07/21/1994,809.68,840.36,840.36,809.68,,-0.02%
07/20/1994,809.82,853.3,853.3,809.82,,-1.51%
07/19/1994,822.27,858.7,858.7,822.27,,-0.62%
07/18/1994,827.4,858.14,858.61,827.4,,0.16%
07/15/1994,826.1,860.5,860.5,826.1,,-0.33%
07/14/1994,828.84,849.93,860.08,828.84,,1.18%
07/13/1994,819.19,837.43,850.06,819.19,,1.51%
07/12/1994,807.01,830.34,837.46,807.01,,0.91%
07/11/1994,799.76,840.36,840.36,799.76,,-1.39%
07/08/1994,811.05,847.34,847.34,811.05,,-0.67%
07/07/1994,816.52,840.81,847.25,816.52,,0.79%
07/06/1994,810.09,844.64,844.64,810.09,,-0.66%
07/05/1994,815.5,848.8,848.8,815.5,,-0.28%
07/04/1994,817.82,853.3,853.3,817.82,,-0.54%
07/01/1994,822.27,838.67,853.21,822.27,,1.74%
06/30/1994,808.24,853.98,853.98,808.24,,-1.77%
06/28/1994,822.82,861.29,861.29,822.82,,-0.86%
06/27/1994,829.93,859.83,861.2,829.93,,0.10%
06/24/1994,829.11,869.85,869.85,829.11,,-0.98%
06/23/1994,837.32,873.33,873.33,837.32,,-0.06%
06/22/1994,837.8,861.86,869.31,837.8,,0.96%
06/21/1994,829.86,877.5,877.5,829.86,,-1.87%
06/20/1994,845.67,886.16,886.16,845.67,,-0.95%
06/17/1994,853.81,897.31,897.31,853.81,,-1.25%
06/16/1994,864.63,898.77,898.77,864.63,,-0.07%
06/15/1994,865.24,899.11,899.11,865.24,,-0.13%
06/14/1994,866.4,891.9,899.01,866.4,,0.80%
06/13/1994,859.49,889.88,891.81,859.49,,0.24%
06/10/1994,857.44,889.99,889.99,857.44,,0.05%
06/09/1994,857.03,895.51,895.51,857.03,,-0.68%
06/08/1994,862.91,906.53,906.53,862.91,,-1.22%
06/07/1994,873.59,903.05,906.44,873.59,,0.38%
06/06/1994,870.3,893.82,903.06,870.3,,1.07%
06/03/1994,861.07,884.03,893.5,861.07,,1.00%
06/01/1994,852.58,872.88,884.72,852.58,,1.35%
05/31/1994,841.22,864.67,872.91,841.22,,0.99%
05/30/1994,832.94,859.6,864.35,832.94,,0.57%
05/27/1994,828.22,866.13,866.13,828.22,,-0.79%
05/26/1994,834.79,856.23,866.27,834.79,,1.19%
05/25/1994,825.01,843.96,856.03,825.01,,1.45%
05/24/1994,813.24,837.66,843.87,813.24,,0.74%
05/23/1994,807.28,842.39,842.39,807.28,,-0.36%
05/20/1994,810.23,834.39,840.72,810.23,,0.84%
05/19/1994,803.45,818.64,833.75,803.45,,1.87%
05/18/1994,788.67,803.56,818.33,788.67,,1.86%
05/17/1994,774.3,798.61,803.47,774.3,,0.61%
05/16/1994,769.58,793.88,798.52,769.58,,0.63%
05/13/1994,764.79,793.88,793.88,764.79,,0.67%
05/12/1994,759.73,781.72,788.4,759.73,,0.86%
05/11/1994,753.23,778.8,781.64,753.23,,0.38%
05/10/1994,750.35,774.75,778.61,750.35,,0.47%
05/09/1994,746.86,786.68,786.68,746.86,,-1.31%
05/06/1994,756.79,793.43,793.43,756.79,,-1.07%
05/05/1994,765,793.2,793.8,765,,0.11%
05/04/1994,764.18,791.74,793.01,764.18,,0.19%
05/03/1994,762.74,793.88,793.88,762.74,,-0.63%
05/02/1994,767.6,801.87,801.87,767.6,,-0.36%
04/29/1994,770.4,806.71,806.71,770.4,,-0.88%
04/28/1994,777.25,816.5,816.5,777.25,,-1.10%
04/27/1994,785.87,800.18,815.52,785.87,,2.65%
04/26/1994,765.61,779.81,794.47,765.61,,1.77%
04/25/1994,752.27,768.78,780.63,752.27,,1.67%
04/22/1994,739.89,768.44,768.44,739.89,,1.07%
04/21/1994,732.08,756.51,759.7,732.08,,0.24%
04/20/1994,730.31,765.52,765.52,730.31,,-1.22%
04/19/1994,739.34,773.06,773.06,739.34,,-0.75%
04/18/1994,744.95,769.23,772.98,744.95,,0.78%
04/15/1994,739.2,752.58,767.01,739.2,,1.96%
04/14/1994,724.97,741.55,752.27,724.97,,0.48%
04/13/1994,721.48,747.85,748.67,721.48,,0.48%
04/12/1994,718.06,752.46,752.46,718.06,,-0.99%
04/11/1994,725.24,758.77,758.77,725.24,,-0.70%
04/08/1994,730.37,762.82,762.82,730.37,,-0.14%
04/07/1994,731.4,742.78,758.91,731.4,,3.07%
04/06/1994,709.64,738.62,738.62,709.64,,1.80%
04/05/1994,697.12,714.65,723.35,697.12,,3.85%
04/04/1994,671.25,705.98,705.98,671.25,,-4.47%
03/31/1994,702.66,733.11,733.11,702.66,,-0.53%
03/30/1994,706.43,747.62,747.62,706.43,,-1.95%
03/29/1994,720.45,758.2,758.2,720.45,,-1.39%
03/28/1994,730.58,770.7,770.7,730.58,,-1.56%
03/25/1994,742.14,763.83,770.05,742.14,,0.99%
03/24/1994,734.89,777.9,777.9,734.89,,-1.96%
03/23/1994,749.6,779.02,779.02,749.6,,-0.15%
03/22/1994,750.7,756.51,778.94,750.7,,2.99%
03/21/1994,728.94,777.67,777.67,728.94,,-3.98%
03/18/1994,759.18,801.31,801.31,759.18,,-1.94%
03/17/1994,774.17,801.19,803.36,774.17,,0.22%
03/16/1994,772.46,806.48,806.48,772.46,,-0.61%
03/15/1994,777.18,811.66,811.66,777.18,,-1.44%
03/14/1994,788.54,815.04,818.22,788.54,,0.46%
03/11/1994,784.91,823.37,823.37,784.91,,-1.05%
03/10/1994,793.26,811.77,823.17,793.26,,1.44%
03/09/1994,781.97,805.92,811.46,781.97,,1.41%
03/08/1994,771.09,801.19,801.19,771.09,,0.66%
03/07/1994,766.02,794.22,794.92,766.02,,0.05%
03/04/1994,765.61,798.16,798.16,765.61,,-0.44%
03/03/1994,769.03,782.85,797.96,769.03,,1.95%
03/02/1994,754.32,807.61,807.61,754.32,,-3.07%
03/01/1994,778.2,827.42,827.42,778.2,,-2.35%
02/28/1994,796.95,823.93,826.99,796.95,,0.40%
02/25/1994,793.8,834.17,834.17,793.8,,-1.20%
02/24/1994,803.45,861.63,861.63,803.45,,-3.22%
02/23/1994,830.21,856.34,861.43,830.21,,0.62%
02/22/1994,825.08,863.32,863.32,825.08,,-0.82%
02/21/1994,831.92,857.13,863.23,831.92,,0.81%
02/18/1994,825.21,870.18,870.18,825.21,,-1.59%
02/17/1994,838.55,853.86,870.09,838.55,,1.94%
02/16/1994,822.61,848.24,853.55,822.61,,0.83%
02/15/1994,815.84,838.11,846.57,815.84,,0.98%
02/14/1994,807.9,838.45,838.45,807.9,,-0.03%
02/11/1994,808.11,846.66,846.66,808.11,,-1.45%
02/10/1994,820.01,878.85,878.85,820.01,,-3.17%
02/09/1994,846.83,891.79,891.79,846.83,,-1.42%
02/08/1994,859.01,885.83,891.36,859.01,,0.64%
02/07/1994,853.54,886.16,886.16,853.54,,-2.17%
02/04/1994,872.49,895.06,905.32,872.49,,1.17%
02/03/1994,862.44,902.37,902.37,862.44,,-0.83%
02/02/1994,869.62,877.5,902.39,869.62,,4.46%
02/01/1994,832.46,838.67,863.79,832.46,,3.01%
01/31/1994,808.11,788.93,838.58,808.11,,2.26%
01/28/1994,790.25,817.74,820.02,790.25,,0.71%
01/27/1994,784.64,803.67,814.17,784.64,,1.32%
01/26/1994,774.44,799.39,803.59,774.44,,0.47%
01/25/1994,770.81,811.77,811.77,770.81,,-1.43%
01/24/1994,781.97,816.39,816.39,781.97,,-0.52%
01/21/1994,786.07,806.6,815.63,786.07,,1.15%
01/20/1994,777.11,803.78,806.4,777.11,,0.29%
01/19/1994,774.85,792.87,804.04,774.85,,1.51%
01/18/1994,763.29,783.64,792,763.29,,1.10%
01/17/1994,755.01,776.1,783.44,755.01,,1.22%
01/14/1994,745.91,769.91,773.99,745.91,,0.54%
01/13/1994,741.87,786.23,786.23,741.87,,-2.08%
01/12/1994,757.61,774.97,786.14,757.61,,1.48%
01/11/1994,746.59,764.51,774.67,746.59,,1.35%
01/10/1994,736.67,761.35,764.43,736.67,,0.91%
01/07/1994,730.03,765.52,765.52,730.03,,-1.04%
01/06/1994,737.7,761.58,765.44,737.7,,0.52%
01/05/1994,733.86,745.94,761.5,733.86,,2.04%
01/04/1994,719.22,736.93,746.31,719.22,,1.28%
01/03/1994,710.12,711.95,736.86,710.12,,0.01%
12/30/1993,710.07,714.31,710.07,710.07,,-0.38%
12/29/1993,712.77,722.53,712.77,712.77,,-1.34%
12/28/1993,722.45,710.26,722.45,722.45,,1.74%
12/27/1993,710.07,700.13,710.07,710.07,,1.46%
12/24/1993,699.83,694.73,699.83,699.83,,0.74%
12/23/1993,694.66,686.29,694.66,694.66,,1.51%
12/22/1993,684.3,676.83,684.3,684.3,,2.24%
12/21/1993,669.34,658.49,669.34,669.34,,1.66%
12/20/1993,658.42,654.66,658.42,658.42,,0.29%
12/17/1993,656.51,662.88,656.51,656.51,,-0.80%
12/16/1993,661.8,645.1,661.8,661.8,,2.60%
12/15/1993,645.03,639.36,645.03,645.03,,0.90%
12/14/1993,639.29,634.74,639.29,639.29,,0.75%
12/13/1993,634.56,623.38,634.56,634.56,,2.75%
12/10/1993,617.57,609.87,617.57,617.57,,1.27%
12/09/1993,609.81,603.46,609.81,609.81,,1.04%
12/07/1993,603.51,602.78,603.51,603.51,,0.13%
12/06/1993,602.72,603.46,602.72,602.72,,-0.32%
12/03/1993,604.63,602.78,604.63,604.63,,0.34%
12/02/1993,602.61,600.76,602.61,602.61,,0.34%
12/01/1993,600.58,601.88,600.58,600.58,,-0.21%
11/30/1993,601.82,604.92,601.82,601.82,,-0.28%
11/29/1993,603.51,597.72,603.51,603.51,,0.00%
11/26/1993,603.51,597.72,603.51,603.51,,0.98%
11/25/1993,597.65,592.54,597.65,597.65,,0.85%
11/24/1993,592.59,592.43,592.59,592.59,,0.04%
11/23/1993,592.37,594.68,592.37,592.37,,-0.38%
11/22/1993,594.62,596.59,594.62,594.62,,-0.24%
11/19/1993,596.08,596.03,596.08,596.08,,0.13%
11/18/1993,595.29,590.18,595.29,595.29,,0.88%
11/17/1993,590.11,585,590.11,590.11,,1.79%
11/16/1993,579.76,571.16,579.76,579.76,,0.00%
11/15/1993,579.76,571.16,579.76,579.76,,2.53%
11/12/1993,565.47,564.74,565.47,565.47,,0.12%
11/11/1993,564.8,569.13,564.8,564.8,,-0.75%
11/10/1993,569.07,557.88,569.07,569.07,,2.02%
11/09/1993,557.82,552.7,557.82,557.82,,0.92%
11/08/1993,552.75,554.84,552.75,552.75,,-0.45%
11/05/1993,555.23,555.51,555.23,555.23,,-1.26%
11/04/1993,562.32,569.69,562.32,562.32,,-1.28%
11/03/1993,569.63,570.48,569.63,569.63,,-0.14%
11/02/1993,570.42,565.08,570.42,570.42,,1.16%
10/29/1993,563.9,561.93,563.9,563.9,,0.38%
10/28/1993,561.76,561.37,561.76,561.76,,-0.18%
10/27/1993,562.77,568.23,562.77,562.77,,0.00%
10/26/1993,562.77,568.23,562.77,562.77,,-0.95%
10/25/1993,568.17,572.62,568.17,568.17,,-0.73%
10/22/1993,572.33,572.28,572.33,572.33,,0.02%
10/21/1993,572.22,572.73,572.22,572.22,,-0.08%
10/20/1993,572.67,563.05,572.67,572.67,,1.72%
10/19/1993,562.99,563.84,562.99,562.99,,-0.42%
10/18/1993,565.36,566.54,565.36,565.36,,0.22%
10/15/1993,564.12,564.63,564.12,564.12,,-0.08%
10/14/1993,564.57,566.77,564.57,564.57,,-0.38%
10/13/1993,566.71,562.38,566.71,566.71,,0.88%
10/11/1993,561.76,560.46,561.76,561.76,,0.26%
10/08/1993,560.29,553.37,560.29,560.29,,1.26%
10/07/1993,553.32,550.67,553.32,553.32,,0.41%
10/06/1993,551.07,545.83,551.07,551.07,,0.97%
10/05/1993,545.78,542.57,545.78,545.78,,0.60%
10/04/1993,542.51,541.67,542.51,542.51,,0.17%
10/01/1993,541.61,540.54,541.61,541.61,,0.39%
09/30/1993,539.48,540.99,539.48,539.48,,-0.29%
09/29/1993,541.05,541.33,541.05,541.05,,0.00%
09/28/1993,541.05,541.44,541.05,541.05,,0.57%
09/27/1993,538.01,535.26,538.01,538.01,,-88.54%
